order_id,customer_id,product_id,quantity,order_date,total_price,shipping_address,payment_method,status,estimated_delivery_date
1,872,212,50,4/18/2022,9436.25,8 Stuart Lane,Credit Card,Pending,5/9/2021
2,874,570,54,6/17/2021,4773.43,80543 Oriole Drive,Apple Pay,Shipped,1/7/2021
3,612,276,61,9/13/2020,5331.92,5431 Namekagon Way,PayPal,Pending,10/13/2021
4,95,305,12,4/13/2022,3469.86,65 Stephen Terrace,PayPal,Pending,8/24/2020
5,910,742,20,1/8/2020,7639.85,1 Kropf Road,PayPal,Shipped,3/18/2020
6,700,783,42,8/8/2022,4415.77,19342 8th Crossing,PayPal,Delivered,8/26/2022
7,955,922,63,8/9/2022,6885.11,7 Blue Bill Park Road,Credit Card,Shipped,4/7/2022
8,465,109,86,11/19/2020,421.68,9 Truax Circle,Apple Pay,Pending,6/10/2022
9,451,739,62,5/29/2021,723.41,4621 Maple Wood Circle,Apple Pay,Pending,3/9/2022
10,715,411,30,4/30/2020,5365.81,63 Rieder Crossing,Apple Pay,Pending,12/5/2020
11,40,76,18,11/24/2020,2712.51,81 Oxford Park,Credit Card,Shipped,4/26/2020
12,452,904,94,2/21/2020,124.54,1420 Gulseth Crossing,Apple Pay,Delivered,6/11/2022
13,747,413,31,1/15/2020,3306.08,8 Mccormick Court,Credit Card,Pending,7/9/2022
14,445,98,10,7/4/2021,2699.86,808 Oxford Trail,Apple Pay,Delivered,6/16/2021
15,806,2,47,2/16/2022,5263.99,091 Rockefeller Drive,Apple Pay,Delivered,10/31/2020
16,611,858,58,8/20/2020,3675.63,28831 Menomonie Center,PayPal,Shipped,6/26/2020
17,43,415,60,7/31/2021,1693.96,64111 Glendale Avenue,Apple Pay,Shipped,11/4/2021
18,639,378,20,4/18/2021,5797.02,0 Saint Paul Avenue,Credit Card,Delivered,5/2/2022
19,99,59,52,4/22/2022,7967.13,94968 Pearson Parkway,PayPal,Delivered,4/25/2021
20,62,474,29,1/8/2020,3494.03,3 Sachtjen Avenue,Apple Pay,Delivered,3/6/2020
21,33,3,8,9/23/2021,3945.95,84926 Bowman Hill,Apple Pay,Delivered,4/3/2021
22,546,478,66,1/21/2020,2127.35,1 Lighthouse Bay Circle,Apple Pay,Delivered,11/30/2022
23,766,768,95,7/31/2022,6794.23,85574 2nd Pass,Credit Card,Delivered,2/18/2021
24,149,837,45,10/20/2021,6052.4,8040 Hovde Drive,Credit Card,Delivered,1/17/2021
25,968,670,61,4/14/2022,2455.18,1 Springs Point,PayPal,Pending,6/5/2022
26,170,555,87,9/30/2022,4198.34,34851 Oxford Drive,PayPal,Pending,6/23/2021
27,568,880,92,10/28/2022,1003.56,534 Becker Terrace,Credit Card,Shipped,4/18/2022
28,726,493,97,3/9/2022,6811.52,43043 Eagan Point,Credit Card,Shipped,2/23/2021
29,911,81,61,4/23/2020,4964.33,012 Muir Way,Credit Card,Pending,1/4/2021
30,186,238,85,7/5/2022,5193.58,8 Pawling Crossing,PayPal,Shipped,1/8/2022
31,323,294,29,7/20/2021,7351.52,90273 Moose Crossing,Credit Card,Shipped,4/19/2021
32,821,476,37,5/10/2020,4210.74,28730 Packers Junction,Apple Pay,Delivered,12/8/2021
33,927,820,45,8/16/2022,6771.62,5105 Mendota Road,Apple Pay,Delivered,11/17/2020
34,883,409,82,7/14/2021,9240.13,35781 Heffernan Place,PayPal,Shipped,6/17/2021
35,390,824,55,6/7/2021,277.56,28 Kedzie Park,Credit Card,Shipped,1/23/2022
36,54,134,52,11/9/2020,4902.17,9 Gerald Drive,PayPal,Shipped,3/23/2020
37,721,882,53,1/5/2021,2948.16,32907 Golden Leaf Avenue,PayPal,Delivered,10/6/2022
38,35,929,61,12/20/2021,3119.34,937 Ludington Court,PayPal,Pending,11/8/2021
39,823,241,75,7/29/2021,3511.28,15368 Bluejay Terrace,Apple Pay,Shipped,9/23/2021
40,246,82,49,5/27/2021,1294.12,28 Butternut Pass,PayPal,Shipped,12/21/2020
41,911,781,22,1/10/2020,7360.69,4 Norway Maple Place,PayPal,Shipped,3/29/2022
42,506,547,24,3/15/2020,3000.46,6062 Southridge Street,PayPal,Delivered,3/14/2021
43,164,565,58,12/26/2022,5486.58,304 Pleasure Road,PayPal,Pending,8/25/2020
44,897,818,55,9/6/2021,2037.17,26 Clemons Street,PayPal,Pending,11/3/2020
45,682,811,65,11/1/2020,726.53,0025 Debs Center,Credit Card,Pending,2/25/2022
46,816,421,72,2/14/2020,8608.73,57 Warrior Junction,Apple Pay,Shipped,11/13/2021
47,367,611,72,4/7/2022,2859.25,16 Fremont Center,PayPal,Delivered,9/14/2022
48,984,981,41,1/16/2021,1867.42,2 Lindbergh Circle,Credit Card,Pending,3/15/2021
49,377,522,48,9/12/2021,1302.9,01334 Manley Way,PayPal,Pending,8/8/2021
50,536,375,82,4/16/2021,8940.87,72 Corscot Lane,Credit Card,Pending,1/2/2020
51,268,788,21,11/23/2021,4031.27,5 Springs Road,PayPal,Pending,2/28/2021
52,558,403,51,4/13/2021,1269.77,0788 Ilene Point,Apple Pay,Pending,9/24/2022
53,252,52,90,5/29/2021,1857.47,474 Lakeland Point,Credit Card,Shipped,10/23/2020
54,621,697,14,4/29/2022,5656.83,28661 Hansons Road,PayPal,Pending,10/10/2022
55,563,622,64,6/16/2020,4989.26,467 Rutledge Lane,Credit Card,Pending,9/18/2021
56,810,346,6,11/6/2020,9071.8,4 Moulton Park,PayPal,Shipped,2/14/2020
57,607,671,68,1/14/2021,5823.58,7052 Elgar Place,Credit Card,Pending,12/29/2020
58,723,18,94,8/17/2022,7149.66,54 Orin Junction,PayPal,Shipped,4/7/2022
59,128,960,99,1/5/2022,5894.39,70 Comanche Crossing,Credit Card,Shipped,11/4/2020
60,447,283,86,2/15/2020,1514.31,54 Reinke Alley,PayPal,Pending,11/12/2022
61,42,710,38,3/18/2021,5456.52,80 Barnett Junction,Apple Pay,Shipped,10/27/2020
62,896,676,52,12/30/2021,5907.64,70209 Northview Point,Apple Pay,Delivered,7/13/2021
63,151,496,99,9/26/2021,4319.61,1561 Fulton Court,PayPal,Pending,6/28/2021
64,387,380,91,9/16/2021,3515.12,5 Eastlawn Circle,Credit Card,Shipped,11/1/2020
65,695,475,28,8/30/2022,1501.82,8380 Sundown Place,PayPal,Pending,12/4/2022
66,562,501,91,6/20/2022,63.71,505 Cottonwood Street,Apple Pay,Shipped,5/21/2022
67,704,749,63,3/1/2021,2978.32,2 Namekagon Way,Apple Pay,Shipped,1/27/2022
68,873,176,8,5/22/2020,5454.33,188 Morrow Place,Apple Pay,Pending,4/20/2022
69,783,921,78,4/13/2021,9148.23,823 Commercial Lane,PayPal,Shipped,4/18/2022
70,282,56,82,9/26/2020,1930.39,8 Northridge Crossing,PayPal,Shipped,8/16/2021
71,63,142,55,12/14/2021,4520.24,145 Sherman Avenue,Apple Pay,Delivered,3/25/2021
72,336,827,44,11/16/2021,5020.09,6692 Bluejay Terrace,Apple Pay,Delivered,12/14/2021
73,205,668,91,5/25/2022,1385.15,3 Crowley Lane,PayPal,Pending,1/4/2021
74,476,15,40,12/20/2022,7955.97,9 Duke Circle,Apple Pay,Shipped,4/23/2020
75,332,721,19,6/16/2022,3193.4,87 Kennedy Center,Credit Card,Shipped,4/11/2020
76,159,68,16,4/6/2021,2770.86,049 Pawling Junction,Apple Pay,Pending,8/18/2021
77,269,559,63,9/9/2022,7255.16,773 Bultman Park,Apple Pay,Shipped,1/12/2020
78,58,477,6,6/27/2020,3710.63,2 Forest Run Pass,Credit Card,Delivered,11/16/2020
79,552,689,84,3/6/2022,5792.35,303 Schmedeman Junction,Credit Card,Delivered,2/21/2022
80,302,512,60,1/27/2022,6671.98,861 Portage Circle,PayPal,Shipped,11/11/2020
81,497,736,94,8/5/2021,3688.62,3 Waywood Parkway,Credit Card,Shipped,5/10/2020
82,552,11,12,5/14/2020,4720.9,42 Carioca Circle,Credit Card,Shipped,6/4/2021
83,344,574,19,12/12/2021,7476.67,93 4th Circle,Credit Card,Shipped,8/1/2020
84,496,487,25,12/26/2021,2398.26,0655 Sage Alley,Apple Pay,Shipped,3/4/2022
85,903,845,55,10/26/2022,5948.12,08 Service Court,Credit Card,Shipped,8/26/2022
86,640,919,15,10/5/2020,431.41,6 Bay Drive,Apple Pay,Shipped,7/24/2020
87,810,566,89,12/24/2021,3528.79,0 Colorado Drive,Apple Pay,Delivered,11/1/2022
88,272,908,35,12/22/2021,2731.41,2909 Victoria Park,Credit Card,Shipped,1/27/2021
89,129,656,38,4/12/2021,6513.18,31 Evergreen Crossing,PayPal,Delivered,2/16/2021
90,720,801,45,9/26/2020,1876.81,08 Autumn Leaf Court,Credit Card,Shipped,1/18/2020
91,640,998,79,12/5/2020,5245.13,48 Gateway Point,Credit Card,Pending,5/27/2021
92,668,328,49,3/9/2022,4878.46,0458 Crowley Avenue,PayPal,Shipped,10/27/2020
93,223,394,46,1/3/2020,1369.25,24 Forest Dale Junction,PayPal,Shipped,5/8/2020
94,145,444,61,9/21/2020,1111.06,9 Hansons Parkway,PayPal,Delivered,8/16/2022
95,599,309,23,11/12/2020,69.03,28751 Fuller Junction,Credit Card,Shipped,2/10/2020
96,308,321,90,12/20/2020,6524.87,88629 Randy Drive,PayPal,Shipped,11/17/2022
97,143,964,53,12/5/2020,4789.52,744 Vidon Crossing,PayPal,Pending,12/26/2021
98,457,733,16,4/24/2021,8664.14,0839 Dawn Place,Credit Card,Delivered,7/14/2020
99,903,32,48,2/19/2020,6258.5,889 Pankratz Alley,Credit Card,Pending,4/22/2021
100,963,103,14,6/1/2020,1960.58,61 Mallory Pass,Credit Card,Delivered,6/29/2020
101,855,767,3,8/31/2022,136.94,33150 Leroy Pass,Credit Card,Shipped,12/18/2022
102,860,347,80,2/17/2021,1093.52,85 Lakewood Circle,Credit Card,Shipped,1/10/2022
103,632,365,4,1/11/2021,8548.63,94 Sugar Hill,PayPal,Shipped,6/15/2020
104,796,751,31,8/21/2022,6800.37,99813 Corry Park,Credit Card,Pending,6/16/2020
105,859,764,62,8/18/2022,1961.03,7875 Kinsman Crossing,PayPal,Delivered,4/11/2022
106,31,455,93,12/5/2022,9505.02,4 Fisk Place,Credit Card,Pending,5/19/2021
107,370,825,80,1/30/2021,3034.18,92 Monument Crossing,Credit Card,Delivered,12/11/2020
108,750,808,26,4/15/2021,4161.48,70 David Avenue,Credit Card,Shipped,8/26/2021
109,133,897,20,12/25/2020,8436.29,5447 Jackson Parkway,Credit Card,Delivered,2/21/2020
110,723,685,23,9/9/2020,6545.65,91 Hansons Avenue,PayPal,Pending,6/25/2022
111,573,351,65,7/12/2021,1439.57,6 Westend Court,Credit Card,Shipped,1/4/2020
112,662,732,58,4/9/2022,9145.57,57 Pearson Place,PayPal,Delivered,7/5/2021
113,823,645,85,10/3/2021,9238.19,0373 High Crossing Terrace,Apple Pay,Delivered,3/19/2020
114,965,125,96,2/8/2021,2582.63,1 Tomscot Center,Credit Card,Shipped,12/2/2021
115,809,140,36,2/9/2022,4025.4,802 West Way,PayPal,Pending,4/28/2022
116,769,349,33,6/4/2022,4603.74,7 Melody Road,PayPal,Pending,5/17/2022
117,309,319,87,9/17/2020,6998.46,980 Merry Alley,Credit Card,Pending,3/17/2022
118,845,399,97,7/7/2020,2770.38,768 Center Park,Apple Pay,Pending,10/4/2021
119,913,364,32,11/7/2020,2393.05,343 Blue Bill Park Crossing,PayPal,Delivered,2/10/2020
120,554,586,92,2/26/2022,3210.53,7417 Service Court,Apple Pay,Delivered,11/3/2022
121,498,206,83,7/6/2021,6832.9,3325 Heath Point,Apple Pay,Shipped,3/30/2022
122,355,834,76,5/15/2020,6234.62,303 Derek Terrace,PayPal,Pending,12/19/2021
123,40,711,11,12/8/2020,4820.55,96 Steensland Plaza,PayPal,Delivered,11/4/2021
124,983,182,27,2/13/2022,3257.8,48 Anzinger Hill,Apple Pay,Shipped,12/23/2022
125,469,70,36,11/17/2021,1454.54,6 Swallow Road,Apple Pay,Delivered,2/17/2020
126,203,797,69,11/26/2022,3913.67,015 Melody Junction,Apple Pay,Pending,3/29/2020
127,5,520,3,12/24/2020,3608.07,1413 Clarendon Junction,PayPal,Delivered,2/11/2020
128,782,479,19,3/28/2021,8602.62,12 Basil Place,Apple Pay,Delivered,1/5/2020
129,346,647,81,7/26/2020,1014.79,94 Superior Junction,Apple Pay,Pending,6/24/2021
130,581,883,32,7/15/2021,7005.87,854 Carpenter Lane,Credit Card,Shipped,10/11/2020
131,977,562,46,4/3/2020,2534.43,143 Holy Cross Center,Apple Pay,Shipped,7/30/2021
132,938,925,35,12/24/2020,7849.41,788 Lakewood Gardens Hill,Credit Card,Pending,9/19/2022
133,294,467,6,8/23/2022,5309.86,42 Summer Ridge Circle,Apple Pay,Shipped,6/2/2022
134,189,939,72,9/29/2021,419.9,8 Butternut Circle,PayPal,Shipped,3/14/2022
135,662,430,26,10/4/2021,5982.66,3 Shelley Pass,Credit Card,Pending,6/16/2020
136,798,143,97,6/4/2021,893.08,56 Waubesa Circle,PayPal,Delivered,11/16/2022
137,293,141,7,9/10/2021,2729.22,6310 Badeau Pass,PayPal,Pending,12/2/2021
138,236,621,78,3/24/2020,2385.91,4 Butterfield Terrace,Credit Card,Pending,7/7/2020
139,823,719,60,5/17/2022,2191.54,7765 Charing Cross Center,Apple Pay,Pending,12/1/2021
140,33,612,75,4/23/2020,6550.24,73471 Heffernan Circle,Apple Pay,Shipped,8/8/2020
141,846,799,84,2/24/2021,4179.06,299 Elmside Trail,Apple Pay,Pending,12/23/2022
142,468,249,4,11/27/2020,3354.57,7993 Beilfuss Hill,Apple Pay,Shipped,9/2/2020
143,133,499,67,9/30/2021,4639.65,2 Glendale Hill,PayPal,Pending,12/29/2022
144,226,222,53,10/1/2020,5553.92,85384 Ramsey Center,PayPal,Delivered,12/14/2021
145,723,860,84,6/27/2020,5346.4,4839 Colorado Hill,Credit Card,Delivered,3/6/2022
146,196,323,85,7/4/2021,1304.01,214 Reindahl Terrace,PayPal,Pending,6/10/2022
147,392,465,54,11/24/2021,3069.72,6808 Bay Parkway,Credit Card,Delivered,8/5/2022
148,438,322,82,9/26/2022,3331.13,230 Karstens Place,Credit Card,Shipped,7/9/2022
149,267,300,59,3/25/2020,5263.25,34 Bunting Road,Apple Pay,Pending,7/23/2021
150,600,49,29,4/17/2021,6975.28,05139 Sutteridge Parkway,Apple Pay,Shipped,10/27/2021
151,393,257,12,11/9/2021,4978.08,3483 Namekagon Road,Apple Pay,Shipped,8/16/2022
152,834,293,87,5/14/2020,1833.8,98569 Nevada Plaza,Apple Pay,Delivered,8/18/2022
153,449,122,59,6/29/2022,9445.6,7 Harbort Avenue,PayPal,Delivered,4/19/2021
154,107,162,2,6/7/2020,8326.01,707 Wayridge Hill,Apple Pay,Pending,5/31/2022
155,197,756,60,10/31/2022,1280.77,57 Victoria Park,Apple Pay,Shipped,8/25/2021
156,880,909,41,7/6/2020,2916.95,35735 Cottonwood Trail,PayPal,Shipped,10/21/2021
157,259,879,70,2/13/2021,1168.74,49263 Lake View Point,Credit Card,Delivered,12/21/2021
158,318,89,45,12/21/2021,7039.91,8719 Pond Alley,Apple Pay,Pending,8/26/2021
159,724,377,59,7/25/2020,6504.3,7 Oriole Hill,Credit Card,Pending,4/3/2022
160,436,830,9,7/12/2020,3592.08,436 Cherokee Avenue,PayPal,Shipped,4/27/2020
161,267,750,82,5/20/2020,5096.81,70926 Lerdahl Drive,PayPal,Pending,11/4/2021
162,612,573,57,3/21/2020,5515.39,55 Gulseth Drive,Credit Card,Pending,6/17/2020
163,684,821,33,5/5/2021,9445.6,7904 Fallview Plaza,Apple Pay,Shipped,7/13/2021
164,54,38,71,10/27/2020,8773.78,3 Granby Terrace,Apple Pay,Pending,3/27/2022
165,588,397,39,9/12/2022,1212.76,73057 Golf Alley,Apple Pay,Pending,4/1/2022
166,437,926,70,10/23/2021,7784.33,6 Dennis Park,PayPal,Pending,3/26/2021
167,436,783,39,1/23/2022,5357.69,9163 Declaration Pass,PayPal,Pending,1/9/2020
168,654,681,100,9/27/2020,6574.41,87 Leroy Road,PayPal,Delivered,3/3/2022
169,792,76,4,10/20/2022,8394.84,6366 Loeprich Court,Credit Card,Delivered,6/23/2021
170,156,729,34,5/1/2021,5500.73,2 Nova Avenue,Credit Card,Delivered,6/29/2021
171,979,351,39,3/17/2020,1057.13,85 Hanson Parkway,Credit Card,Pending,2/15/2022
172,946,138,44,3/25/2020,3967.21,0707 Mayfield Pass,Credit Card,Pending,2/5/2022
173,199,267,76,12/29/2021,7690.24,84398 Jana Park,Credit Card,Delivered,5/19/2020
174,927,800,84,1/11/2020,8271.22,3820 Tennyson Point,Apple Pay,Delivered,7/6/2020
175,309,662,7,10/2/2021,6928.15,60106 Charing Cross Road,PayPal,Shipped,11/24/2022
176,763,21,93,6/27/2020,3202.2,98132 Utah Plaza,Apple Pay,Pending,2/17/2022
177,54,765,57,12/13/2022,6363.46,52525 Corben Way,PayPal,Shipped,12/24/2021
178,93,776,42,8/17/2021,5505.74,7865 John Wall Court,PayPal,Shipped,6/6/2021
179,430,5,61,1/19/2022,6664.02,4683 Washington Street,PayPal,Delivered,10/15/2022
180,772,760,48,11/23/2021,5007.48,51989 Steensland Drive,PayPal,Delivered,11/10/2020
181,804,477,60,6/19/2020,8019.86,2 Algoma Alley,PayPal,Shipped,11/10/2022
182,275,722,98,3/15/2020,6670.31,0 Hovde Hill,Credit Card,Delivered,11/12/2020
183,797,786,50,10/25/2021,6510.13,146 Armistice Street,Apple Pay,Shipped,10/20/2022
184,430,708,94,4/30/2021,2321.71,904 Buell Circle,Apple Pay,Pending,5/18/2022
185,665,797,67,8/1/2020,5192.06,422 Tomscot Drive,PayPal,Pending,4/23/2020
186,833,42,93,9/27/2020,3605.33,978 Rutledge Lane,Credit Card,Pending,4/26/2022
187,48,142,85,2/14/2021,1183.1,155 South Road,PayPal,Delivered,10/10/2020
188,319,247,15,9/22/2022,5824.5,350 Judy Street,PayPal,Pending,9/18/2022
189,941,707,82,12/13/2020,1440.16,07847 Fordem Road,PayPal,Pending,8/12/2020
190,278,551,80,11/25/2022,5938.37,58 Sugar Junction,Credit Card,Delivered,11/5/2021
191,671,192,52,10/16/2022,1382.17,5404 Nelson Lane,Apple Pay,Delivered,4/7/2021
192,209,795,98,9/27/2020,3242.66,2 Erie Alley,PayPal,Delivered,3/15/2022
193,828,422,58,3/28/2022,6926.34,1617 Monica Center,Apple Pay,Pending,11/8/2020
194,587,396,19,7/24/2021,4413.93,8 Westridge Trail,PayPal,Shipped,10/21/2020
195,211,57,89,10/8/2022,5392.73,746 Schlimgen Place,Apple Pay,Delivered,12/11/2022
196,599,854,58,10/30/2020,2157.08,683 Towne Junction,Apple Pay,Delivered,10/14/2020
197,638,565,70,4/25/2020,4734.55,593 Graceland Drive,Apple Pay,Shipped,11/10/2021
198,282,107,92,8/29/2022,457.59,0579 6th Street,Credit Card,Delivered,7/15/2022
199,261,86,46,1/9/2020,9199.7,40 Jenifer Plaza,PayPal,Delivered,8/24/2021
200,60,435,10,11/26/2020,3475.94,1021 Eagle Crest Lane,Credit Card,Delivered,9/14/2021
201,233,761,99,10/7/2022,418.18,93180 Havey Circle,Credit Card,Delivered,5/9/2020
202,878,93,20,4/21/2020,5421.56,195 John Wall Point,Credit Card,Shipped,6/20/2022
203,325,105,12,1/13/2021,6337.07,76 Pierstorff Street,PayPal,Delivered,10/12/2020
204,282,705,16,6/5/2020,6376.73,50 Daystar Avenue,Credit Card,Pending,2/26/2022
205,967,367,20,4/1/2022,9023.99,769 Chinook Circle,Apple Pay,Delivered,7/24/2021
206,544,95,96,8/4/2020,6943.33,2889 Sutteridge Alley,PayPal,Delivered,12/1/2022
207,671,822,52,6/15/2022,8311.39,936 Westend Terrace,Credit Card,Delivered,9/21/2022
208,939,503,24,4/24/2022,8873.03,62 Blaine Plaza,Credit Card,Pending,9/1/2022
209,279,258,6,10/22/2021,8863.34,60 Eliot Junction,Credit Card,Pending,3/8/2022
210,138,843,63,12/21/2020,6019.46,235 Oxford Avenue,Credit Card,Pending,6/23/2021
211,901,682,17,3/4/2021,9152.08,53940 Carioca Junction,Credit Card,Pending,5/2/2020
212,520,473,68,11/13/2020,2312.53,85948 Blue Bill Park Hill,Apple Pay,Delivered,10/29/2020
213,852,375,66,6/22/2022,9621.17,5336 Scofield Circle,PayPal,Pending,12/26/2021
214,171,561,25,7/8/2020,579.93,326 Welch Pass,Apple Pay,Delivered,11/22/2021
215,65,482,86,6/5/2020,7154.78,3 Grasskamp Drive,Apple Pay,Pending,9/9/2020
216,524,972,40,1/3/2022,1538.74,77106 Ronald Regan Parkway,Apple Pay,Shipped,9/1/2020
217,279,1000,7,11/19/2021,7818.76,28 Beilfuss Avenue,Credit Card,Delivered,12/24/2021
218,72,559,28,11/20/2022,1418.94,90 Harper Avenue,Apple Pay,Pending,11/2/2020
219,967,993,13,3/6/2022,5701.94,7 Michigan Circle,Credit Card,Pending,2/4/2021
220,123,454,75,3/28/2020,374.98,63532 Stone Corner Crossing,Apple Pay,Shipped,5/7/2022
221,737,713,45,12/23/2021,6908.94,81 Hanson Way,Apple Pay,Pending,7/30/2020
222,534,579,23,1/23/2022,8255.32,498 Dunning Street,Apple Pay,Delivered,3/26/2020
223,705,365,67,11/10/2020,8004.0,3 Duke Crossing,Apple Pay,Pending,6/17/2022
224,463,701,69,12/29/2020,7037.04,7445 Gale Hill,Apple Pay,Delivered,11/23/2020
225,866,140,83,8/4/2020,9723.89,134 Delladonna Park,PayPal,Pending,5/11/2021
226,369,825,61,5/18/2022,8921.99,78867 West Parkway,Credit Card,Pending,8/10/2022
227,548,566,32,5/27/2022,927.16,7978 American Road,Credit Card,Shipped,1/11/2021
228,308,244,53,10/22/2022,6652.71,6 Holmberg Parkway,PayPal,Pending,5/20/2020
229,315,548,9,10/13/2020,2280.85,24 Birchwood Crossing,PayPal,Pending,3/2/2021
230,116,202,36,10/17/2021,2288.1,444 Moulton Alley,PayPal,Pending,4/19/2022
231,36,940,10,6/9/2020,5353.47,1 Farwell Terrace,PayPal,Pending,1/11/2020
232,837,227,6,6/20/2022,1354.42,70567 Amoth Park,PayPal,Shipped,5/18/2020
233,512,529,75,7/27/2021,1401.89,84259 Ryan Crossing,Apple Pay,Pending,2/29/2020
234,999,961,47,7/23/2022,1431.07,4 Sugar Avenue,PayPal,Shipped,6/12/2022
235,701,204,54,5/4/2020,7891.87,14 Maple Point,Apple Pay,Pending,10/24/2022
236,859,330,45,3/16/2022,6393.77,54534 Logan Center,Apple Pay,Delivered,9/11/2022
237,361,744,11,12/9/2022,7108.51,56 Helena Court,Apple Pay,Delivered,6/22/2022
238,394,420,79,8/8/2020,1537.81,5084 Cherokee Point,Credit Card,Delivered,1/30/2021
239,562,71,30,11/2/2021,8554.98,10 Boyd Plaza,Apple Pay,Delivered,2/25/2022
240,208,839,91,5/17/2021,8259.5,002 Hoffman Avenue,Apple Pay,Pending,11/14/2020
241,772,23,65,3/31/2021,2317.01,96 Susan Point,PayPal,Delivered,4/9/2020
242,953,984,90,5/14/2022,8010.18,7 Fulton Point,Apple Pay,Delivered,2/9/2022
243,192,81,38,6/28/2021,5658.14,132 Anderson Plaza,Apple Pay,Pending,8/27/2022
244,892,585,12,9/6/2022,8886.83,45268 Armistice Place,Apple Pay,Pending,5/28/2022
245,756,814,24,9/9/2020,6161.93,24252 Messerschmidt Crossing,Credit Card,Shipped,11/7/2021
246,299,276,46,8/27/2020,2805.62,82 Melby Lane,PayPal,Pending,9/11/2022
247,385,901,15,2/12/2022,8566.92,33 Fairfield Road,Credit Card,Pending,10/26/2022
248,200,136,77,7/17/2022,975.24,14 Nelson Lane,PayPal,Shipped,1/17/2022
249,856,326,42,9/24/2020,7489.26,129 Meadow Ridge Lane,PayPal,Shipped,1/1/2020
250,546,999,16,9/20/2022,671.75,8 Northwestern Park,PayPal,Delivered,12/5/2022
251,514,241,6,3/16/2020,1069.8,56 Forster Center,PayPal,Shipped,3/16/2021
252,322,491,91,3/22/2022,4145.6,2 Larry Hill,Credit Card,Delivered,12/16/2022
253,512,623,97,5/1/2021,2514.28,59300 Forster Drive,Credit Card,Delivered,9/12/2020
254,147,613,5,5/4/2022,5600.96,88481 Buena Vista Alley,Credit Card,Pending,8/23/2022
255,948,897,41,12/11/2020,7941.79,3 Moose Alley,Credit Card,Pending,7/3/2021
256,364,759,45,9/13/2022,3048.27,87 Graceland Pass,Apple Pay,Shipped,3/17/2022
257,119,666,89,3/22/2020,2202.41,3 Pleasure Way,Credit Card,Delivered,10/15/2022
258,140,476,83,10/6/2021,9636.79,9131 Talisman Drive,Credit Card,Pending,9/2/2022
259,303,900,10,1/31/2020,4287.12,12 Fremont Point,Apple Pay,Pending,1/2/2021
260,386,643,82,9/1/2021,9497.24,0 Loftsgordon Road,Apple Pay,Delivered,11/20/2020
261,156,624,58,11/5/2021,8464.11,3968 Eagan Terrace,PayPal,Shipped,11/25/2021
262,645,3,75,8/25/2022,2258.24,520 Gale Trail,Credit Card,Delivered,8/25/2021
263,324,663,73,4/26/2021,5213.32,4438 Carioca Plaza,Apple Pay,Pending,12/18/2021
264,566,639,60,1/26/2021,1585.8,6753 Muir Crossing,PayPal,Pending,12/8/2020
265,642,587,84,11/9/2021,7839.6,0 Southridge Terrace,Credit Card,Pending,8/27/2021
266,837,431,54,6/11/2020,187.38,25 Nelson Pass,PayPal,Delivered,3/1/2021
267,265,56,78,6/17/2020,3025.34,128 Moland Point,PayPal,Shipped,12/16/2021
268,936,714,47,5/7/2022,9305.5,78126 Badeau Avenue,Apple Pay,Delivered,3/21/2020
269,34,880,84,6/2/2022,5546.84,453 Namekagon Center,Apple Pay,Shipped,6/4/2020
270,621,334,58,7/11/2021,1578.2,7 Main Parkway,Credit Card,Pending,2/16/2022
271,837,279,58,3/27/2021,1913.3,82893 Spaight Way,Credit Card,Pending,10/16/2021
272,234,332,42,10/29/2020,1964.62,39 Ryan Place,Credit Card,Delivered,8/18/2020
273,559,275,4,1/2/2021,8328.71,1 Talmadge Street,Apple Pay,Pending,7/5/2020
274,849,775,43,4/27/2021,981.32,5634 Namekagon Road,Credit Card,Delivered,4/14/2022
275,679,73,74,1/2/2020,8447.06,1 Helena Terrace,Credit Card,Shipped,5/3/2020
276,249,169,84,12/14/2020,7420.09,86598 Nelson Court,PayPal,Delivered,9/28/2020
277,323,630,70,4/8/2021,6703.2,7060 Dawn Junction,Apple Pay,Pending,1/12/2020
278,309,921,47,8/22/2020,3185.22,553 Sachs Circle,Apple Pay,Delivered,10/14/2022
279,846,868,17,6/2/2022,2434.85,27429 Muir Street,Apple Pay,Pending,1/14/2020
280,134,748,89,11/5/2022,1460.95,93756 Carpenter Drive,Apple Pay,Delivered,10/24/2022
281,219,489,41,2/22/2020,6267.96,5429 Ronald Regan Circle,Credit Card,Pending,2/22/2022
282,257,118,88,10/14/2021,103.03,5018 Banding Road,PayPal,Shipped,11/9/2020
283,148,892,48,5/29/2020,813.11,69 Green Ridge Avenue,Apple Pay,Shipped,6/7/2022
284,42,546,74,12/12/2021,3668.09,14 Fairview Point,Credit Card,Shipped,4/1/2020
285,630,960,87,12/22/2022,8996.83,88753 Bobwhite Drive,Credit Card,Pending,7/29/2022
286,279,619,94,8/6/2022,1604.22,756 Starling Road,Credit Card,Pending,6/1/2022
287,491,479,98,5/12/2021,5179.24,2 Hoffman Crossing,PayPal,Delivered,7/16/2021
288,920,777,78,2/15/2021,4329.42,686 Judy Point,PayPal,Delivered,12/14/2021
289,567,899,34,2/19/2022,6171.47,2 Lawn Trail,PayPal,Shipped,3/17/2020
290,849,782,65,2/29/2020,41.9,599 International Way,Credit Card,Delivered,1/17/2020
291,306,294,64,12/29/2020,9840.43,02 Luster Crossing,Credit Card,Pending,3/10/2022
292,697,8,43,3/16/2020,6983.35,261 Lawn Hill,Credit Card,Delivered,11/18/2022
293,476,153,62,4/3/2021,1310.56,632 Knutson Center,PayPal,Shipped,9/12/2020
294,246,724,96,7/13/2020,5508.8,488 Manufacturers Drive,Credit Card,Delivered,7/29/2022
295,715,939,13,1/21/2020,8564.43,1226 Browning Street,Credit Card,Pending,4/22/2020
296,185,523,12,9/24/2022,521.22,855 Norway Maple Court,Credit Card,Pending,4/26/2022
297,697,816,96,3/14/2022,361.43,871 Pawling Parkway,PayPal,Shipped,7/17/2022
298,580,578,52,6/10/2022,6315.2,26 Dorton Junction,PayPal,Pending,12/5/2021
299,77,696,67,9/5/2021,9092.37,04185 Northfield Park,Credit Card,Delivered,1/23/2022
300,738,368,27,9/8/2020,1319.51,49628 Kipling Lane,Apple Pay,Pending,1/23/2022
301,309,667,88,12/2/2021,4964.94,40 Trailsway Circle,Credit Card,Shipped,3/1/2022
302,205,929,71,9/10/2022,7744.13,7267 Judy Park,PayPal,Shipped,1/29/2020
303,326,647,20,1/7/2022,8684.89,14 Colorado Hill,Credit Card,Shipped,12/24/2021
304,191,68,98,3/29/2021,8533.77,8 Coleman Circle,Apple Pay,Shipped,12/30/2021
305,657,163,86,6/10/2020,3286.78,11296 Springs Road,PayPal,Shipped,7/7/2021
306,918,873,11,6/14/2021,4812.41,164 Grasskamp Park,Apple Pay,Pending,1/22/2022
307,26,463,10,6/18/2022,9977.02,73 Warner Center,Credit Card,Shipped,12/17/2021
308,664,23,43,7/14/2020,7273.49,90 New Castle Avenue,PayPal,Shipped,5/5/2020
309,475,60,25,8/21/2022,6802.43,16 Starling Park,Apple Pay,Shipped,6/22/2021
310,189,262,35,2/18/2020,8302.59,85343 Fair Oaks Court,Apple Pay,Shipped,5/16/2022
311,643,512,46,9/12/2021,9696.13,498 Beilfuss Place,PayPal,Pending,12/3/2020
312,8,462,6,1/12/2022,6671.22,6 Sachs Trail,Credit Card,Pending,9/19/2020
313,231,670,86,1/26/2021,9954.13,53 Monica Point,Apple Pay,Delivered,7/3/2021
314,691,678,60,12/22/2021,1437.58,222 Forest Street,Credit Card,Delivered,7/17/2022
315,581,968,10,1/25/2020,7114.19,965 Cambridge Road,PayPal,Delivered,6/26/2020
316,657,540,72,5/9/2020,7051.47,899 Milwaukee Crossing,Credit Card,Delivered,11/10/2020
317,424,519,46,9/3/2021,9700.77,289 Sunfield Court,Credit Card,Delivered,11/27/2020
318,765,148,88,10/31/2020,6998.26,429 Dottie Road,PayPal,Delivered,9/22/2021
319,673,229,56,5/30/2022,653.98,300 Cody Road,PayPal,Pending,3/9/2022
320,95,609,13,8/9/2021,8710.51,78 Linden Drive,PayPal,Delivered,4/15/2022
321,613,646,41,9/15/2021,967.94,18 Melody Center,Credit Card,Pending,11/12/2022
322,863,766,92,9/27/2020,3842.12,31346 Toban Terrace,Apple Pay,Shipped,10/17/2020
323,639,19,48,3/6/2022,9527.05,8 Hovde Junction,PayPal,Shipped,11/13/2021
324,407,49,93,11/29/2022,5186.9,65820 Warrior Drive,Credit Card,Pending,6/23/2022
325,574,738,64,4/20/2022,9653.66,5907 Kim Way,Apple Pay,Shipped,9/26/2020
326,898,349,95,9/3/2020,9171.06,0 Carberry Junction,PayPal,Delivered,8/27/2021
327,602,78,41,8/9/2020,965.7,7766 Armistice Drive,Credit Card,Shipped,6/1/2020
328,798,865,36,7/25/2021,1752.67,895 Sunnyside Road,Credit Card,Shipped,2/9/2022
329,646,874,17,2/9/2021,742.97,994 Hollow Ridge Circle,Apple Pay,Delivered,12/9/2020
330,10,991,27,1/28/2020,2402.26,380 Elmside Lane,Apple Pay,Shipped,6/29/2022
331,861,875,46,7/16/2020,3340.65,9690 Meadow Valley Hill,Apple Pay,Shipped,1/24/2022
332,826,109,20,2/17/2021,9470.49,25387 Kings Drive,Credit Card,Shipped,12/19/2020
333,268,656,74,6/24/2020,7377.72,2 Springs Parkway,Apple Pay,Pending,11/10/2020
334,950,521,9,4/12/2020,1930.18,75 Burrows Street,PayPal,Shipped,8/19/2021
335,486,595,35,7/9/2022,994.55,47 Blaine Park,PayPal,Delivered,6/24/2021
336,327,994,64,3/23/2020,7608.89,04377 Sugar Avenue,PayPal,Delivered,10/14/2021
337,137,705,94,2/1/2021,9993.52,4 Hazelcrest Alley,Credit Card,Delivered,4/10/2020
338,779,110,93,5/15/2020,2553.58,927 Lindbergh Road,Apple Pay,Shipped,12/24/2022
339,172,119,7,11/16/2022,4719.55,4 Algoma Park,Apple Pay,Pending,1/30/2020
340,930,582,17,12/24/2022,7342.27,774 Autumn Leaf Crossing,Credit Card,Pending,7/26/2020
341,88,696,10,6/18/2021,874.96,00869 Hanson Terrace,Credit Card,Delivered,12/29/2020
342,27,102,95,7/22/2022,5873.64,946 Gale Place,PayPal,Shipped,5/13/2020
343,465,933,1,6/20/2021,1000.83,1 Green Ridge Lane,Credit Card,Delivered,3/14/2021
344,93,664,52,1/18/2020,4395.94,28314 Grayhawk Circle,Credit Card,Delivered,11/26/2021
345,902,416,28,3/4/2022,2420.95,51 Farwell Park,Apple Pay,Delivered,12/4/2020
346,483,995,69,11/11/2022,5556.85,34947 Oxford Lane,Apple Pay,Shipped,2/1/2022
347,630,320,61,2/24/2020,8917.43,992 Annamark Park,PayPal,Shipped,7/14/2020
348,568,543,42,9/8/2021,7705.02,58658 Cascade Pass,Credit Card,Pending,5/17/2020
349,82,272,1,4/2/2020,5606.58,42321 Fremont Court,Apple Pay,Delivered,6/19/2020
350,908,957,86,10/15/2020,1774.97,83 Warbler Center,PayPal,Pending,1/18/2022
351,854,762,81,11/15/2022,9712.5,629 Forest Avenue,PayPal,Pending,12/10/2022
352,828,888,20,6/14/2021,6417.06,78795 Buena Vista Place,Apple Pay,Shipped,11/13/2021
353,127,365,4,11/22/2022,5200.9,20522 Duke Circle,Credit Card,Shipped,12/1/2020
354,742,316,52,5/8/2020,9215.34,8 Annamark Avenue,Apple Pay,Pending,8/19/2022
355,540,407,29,2/25/2020,8685.77,7769 Butternut Terrace,PayPal,Pending,3/25/2022
356,328,669,71,4/16/2022,3513.97,3618 Prairieview Avenue,Apple Pay,Pending,11/12/2021
357,319,289,96,4/30/2020,4683.38,99994 Becker Center,Apple Pay,Pending,8/3/2022
358,865,900,7,10/5/2021,6250.04,67 Warbler Pass,Credit Card,Delivered,6/11/2022
359,523,438,93,8/18/2021,7912.95,0 Warrior Avenue,Credit Card,Pending,9/4/2022
360,57,930,88,1/10/2022,4908.12,4462 Golden Leaf Circle,PayPal,Shipped,4/24/2022
361,769,686,100,6/22/2020,7232.22,58 Cascade Hill,Credit Card,Delivered,4/5/2020
362,660,200,48,4/13/2021,5620.59,664 Upham Avenue,PayPal,Pending,7/11/2021
363,73,843,48,3/20/2022,5752.01,81055 American Place,Credit Card,Shipped,1/4/2020
364,761,959,50,1/28/2020,8917.53,34 Pearson Drive,Apple Pay,Pending,2/18/2022
365,58,464,72,2/13/2022,6041.27,336 Magdeline Crossing,Apple Pay,Pending,11/14/2020
366,692,117,61,3/5/2021,4170.6,0 Dryden Parkway,Credit Card,Delivered,3/22/2020
367,405,654,29,12/7/2022,4595.71,815 Florence Drive,PayPal,Delivered,9/9/2020
368,489,570,74,4/5/2021,479.37,80848 Westport Pass,Credit Card,Pending,1/22/2021
369,153,497,68,9/2/2021,8141.05,8 Becker Junction,Credit Card,Delivered,7/13/2022
370,941,859,43,9/19/2022,4955.08,2 Grim Parkway,PayPal,Delivered,7/7/2021
371,49,353,53,4/19/2021,3898.48,7 2nd Avenue,Apple Pay,Shipped,12/16/2021
372,820,139,7,4/2/2021,3011.78,46786 Fordem Park,PayPal,Pending,4/18/2020
373,679,134,73,8/1/2020,6855.3,21477 Loftsgordon Crossing,Credit Card,Shipped,3/22/2021
374,679,138,82,2/24/2021,3378.56,74541 Farwell Center,Credit Card,Delivered,3/29/2022
375,725,112,5,11/5/2022,8308.36,8013 Cascade Park,Apple Pay,Shipped,5/14/2020
376,352,82,74,4/16/2021,614.78,2 Sauthoff Place,Credit Card,Pending,6/22/2022
377,894,271,90,1/29/2021,4473.46,39 Beilfuss Avenue,Credit Card,Pending,11/19/2021
378,93,970,78,9/17/2022,7974.6,224 Bellgrove Way,Credit Card,Delivered,5/26/2022
379,442,242,38,9/10/2022,5240.88,6 Trailsway Crossing,Apple Pay,Delivered,8/13/2021
380,798,644,22,10/20/2022,3515.07,36998 Shelley Plaza,Credit Card,Pending,8/21/2022
381,301,435,38,4/23/2022,3209.9,7874 David Avenue,Credit Card,Pending,6/24/2021
382,197,890,86,10/26/2021,5350.7,941 Oak Alley,PayPal,Delivered,11/12/2022
383,62,710,56,10/29/2020,3250.38,1614 Crescent Oaks Pass,Credit Card,Delivered,11/18/2020
384,652,333,71,11/11/2022,9939.06,49993 Hooker Drive,PayPal,Delivered,7/11/2022
385,322,67,37,6/16/2021,5923.21,3456 Anderson Road,Credit Card,Pending,4/16/2022
386,398,518,48,8/12/2021,3968.09,359 Waubesa Court,Credit Card,Shipped,8/7/2021
387,688,620,94,9/1/2020,1624.57,0917 Wayridge Parkway,PayPal,Delivered,6/26/2021
388,104,581,96,9/26/2021,3167.47,612 Golden Leaf Trail,Apple Pay,Delivered,1/22/2022
389,185,235,20,4/18/2021,159.21,33 Graceland Pass,Credit Card,Shipped,5/7/2022
390,406,528,29,12/21/2021,8170.04,1 Brown Junction,Credit Card,Delivered,8/26/2021
391,775,509,66,6/27/2020,7238.3,2547 Calypso Trail,PayPal,Delivered,11/3/2020
392,413,183,82,4/26/2022,8300.69,51341 Bultman Place,Apple Pay,Shipped,1/28/2021
393,796,358,69,7/21/2020,9277.9,55088 Carpenter Hill,Credit Card,Delivered,5/28/2022
394,553,223,61,3/30/2021,826.0,78 Porter Street,Apple Pay,Pending,11/12/2021
395,427,916,56,10/10/2020,7168.53,31 Victoria Place,Credit Card,Shipped,4/6/2020
396,609,150,73,12/20/2021,4098.28,4 Prentice Way,Apple Pay,Pending,10/27/2020
397,693,106,84,6/28/2020,928.94,45357 Wayridge Road,Apple Pay,Pending,4/18/2020
398,601,580,19,5/10/2020,2039.0,6 Forest Dale Terrace,PayPal,Pending,7/11/2020
399,591,614,82,11/26/2022,6904.11,1118 Moulton Circle,PayPal,Shipped,7/9/2022
400,806,485,64,11/12/2021,6124.94,01096 Fallview Trail,Apple Pay,Pending,7/2/2021
401,526,576,44,3/25/2022,1793.78,731 Mariners Cove Alley,Credit Card,Pending,12/27/2020
402,860,958,90,5/11/2022,1466.26,857 Fuller Trail,Apple Pay,Shipped,9/29/2022
403,834,479,56,2/26/2020,348.77,228 Merry Drive,Credit Card,Pending,8/22/2020
404,23,347,13,1/1/2022,3504.03,4 Brickson Park Junction,PayPal,Delivered,9/22/2021
405,603,574,22,9/16/2022,8653.42,54 Glacier Hill Point,PayPal,Shipped,2/21/2022
406,468,730,42,7/22/2022,4263.7,545 Pawling Street,Credit Card,Delivered,9/30/2021
407,406,160,70,3/5/2020,7346.74,0219 Vera Alley,Apple Pay,Delivered,9/29/2022
408,346,219,50,1/29/2021,2891.19,08 Morningstar Alley,Credit Card,Delivered,3/10/2022
409,643,190,65,9/27/2020,2046.48,01 Vermont Trail,Credit Card,Pending,2/3/2020
410,512,366,74,1/12/2020,2644.83,083 Lyons Parkway,Credit Card,Pending,9/9/2021
411,467,402,73,8/3/2021,6260.48,7 Bay Parkway,PayPal,Pending,3/19/2020
412,716,421,38,7/29/2020,3910.77,8 Dayton Hill,PayPal,Shipped,1/8/2020
413,9,43,31,2/14/2021,2922.56,066 Rowland Point,Credit Card,Shipped,9/13/2020
414,995,130,29,12/24/2021,895.34,82 Crownhardt Way,Credit Card,Delivered,11/28/2021
415,406,939,49,12/7/2022,8859.66,01 Coolidge Place,PayPal,Shipped,12/2/2021
416,304,465,96,1/26/2020,4118.49,404 6th Point,Apple Pay,Delivered,8/22/2020
417,903,790,99,8/15/2020,8277.18,4 Pearson Street,Apple Pay,Pending,5/11/2020
418,284,373,24,4/30/2020,4389.51,65353 Manitowish Road,Apple Pay,Delivered,2/8/2020
419,465,98,58,12/2/2020,1267.99,86 Meadow Valley Court,PayPal,Shipped,12/19/2021
420,349,285,67,10/13/2021,991.69,3 Maple Wood Junction,Credit Card,Delivered,2/4/2021
421,65,87,35,8/29/2022,523.71,169 Sutteridge Hill,Credit Card,Delivered,6/23/2022
422,530,539,17,11/6/2021,3199.97,11 Fulton Lane,Apple Pay,Delivered,4/4/2020
423,367,361,29,8/8/2020,6402.03,588 Bultman Crossing,Apple Pay,Delivered,8/29/2021
424,129,7,63,5/12/2020,1987.06,2001 Drewry Alley,PayPal,Pending,11/20/2022
425,164,555,78,6/19/2021,1639.78,977 Jenifer Parkway,PayPal,Pending,12/9/2022
426,816,913,27,3/11/2022,7391.23,84720 Carioca Circle,Apple Pay,Pending,9/14/2021
427,341,524,78,7/25/2020,842.27,55242 Farmco Way,Credit Card,Shipped,3/29/2020
428,792,260,8,7/20/2022,9554.13,3063 Carberry Road,Apple Pay,Pending,11/25/2022
429,410,264,87,12/13/2021,1493.49,87340 Logan Center,Apple Pay,Delivered,10/29/2021
430,243,70,18,12/6/2021,4993.17,1785 Novick Alley,PayPal,Delivered,10/13/2020
431,371,925,38,3/19/2020,7420.14,69 Declaration Terrace,Apple Pay,Shipped,3/10/2022
432,564,566,28,5/27/2020,1684.51,71021 Manufacturers Road,PayPal,Delivered,6/24/2022
433,983,406,51,2/12/2022,6768.08,54 Melby Center,Credit Card,Pending,11/28/2020
434,655,126,90,10/22/2022,7366.79,10229 Everett Court,PayPal,Delivered,12/1/2022
435,125,895,6,12/30/2022,2760.2,87 8th Center,PayPal,Shipped,7/12/2021
436,146,127,78,9/17/2021,6983.5,56 Elgar Circle,PayPal,Shipped,3/4/2021
437,695,72,71,7/17/2021,5241.41,5966 Old Gate Plaza,PayPal,Shipped,2/14/2020
438,870,234,74,10/20/2021,8260.39,74 Mesta Way,Credit Card,Shipped,9/8/2020
439,357,496,31,7/16/2020,3464.08,736 Northland Park,Credit Card,Pending,11/12/2022
440,749,789,94,2/9/2022,9718.23,1524 Southridge Terrace,Apple Pay,Delivered,4/22/2021
441,93,989,8,1/7/2021,5311.9,814 Forest Trail,PayPal,Shipped,9/11/2022
442,734,265,77,2/10/2022,6258.28,9 Leroy Terrace,PayPal,Delivered,11/18/2021
443,113,405,18,3/29/2021,1620.74,339 Summit Terrace,Apple Pay,Shipped,9/23/2021
444,199,715,83,2/23/2020,8900.19,6 Dwight Pass,PayPal,Shipped,1/17/2020
445,965,753,7,9/7/2022,8449.63,4 Morrow Center,PayPal,Shipped,11/7/2021
446,73,342,98,10/8/2022,4797.74,9 Butterfield Trail,Apple Pay,Shipped,8/29/2020
447,809,378,29,5/4/2022,2618.95,586 Lawn Center,Apple Pay,Pending,5/29/2021
448,577,210,94,3/28/2021,5462.26,26 Evergreen Pass,Credit Card,Shipped,9/27/2021
449,676,168,81,4/6/2022,6187.6,4844 Lunder Parkway,Apple Pay,Shipped,5/5/2021
450,525,673,55,11/28/2022,6219.57,7 Debs Hill,PayPal,Shipped,11/20/2022
451,340,513,44,11/3/2021,5281.26,8364 Utah Crossing,PayPal,Shipped,7/19/2020
452,808,352,11,10/9/2022,48.02,28168 Bunker Hill Parkway,PayPal,Pending,9/16/2022
453,275,526,5,10/31/2021,4108.11,7810 High Crossing Trail,PayPal,Pending,5/5/2020
454,967,306,91,3/23/2020,7193.8,46341 Amoth Hill,PayPal,Delivered,4/14/2022
455,933,716,74,11/20/2021,4337.04,7 Monument Street,Apple Pay,Shipped,8/28/2022
456,37,961,25,2/9/2021,9317.96,42081 Monument Junction,PayPal,Pending,12/27/2021
457,198,180,50,4/28/2021,7674.4,1 Badeau Hill,PayPal,Delivered,5/11/2020
458,641,290,47,10/27/2020,3006.41,43189 Huxley Alley,Apple Pay,Pending,7/20/2021
459,312,59,50,3/13/2020,8592.68,0 Bunker Hill Trail,Credit Card,Delivered,12/26/2021
460,495,720,37,5/4/2022,6178.76,48 Oneill Street,PayPal,Shipped,12/9/2021
461,687,383,18,8/19/2021,9801.64,03685 Del Mar Alley,PayPal,Delivered,12/28/2021
462,481,954,59,11/20/2021,2966.28,7 Bluejay Pass,Apple Pay,Shipped,11/17/2021
463,108,872,50,10/5/2022,2664.88,4 Homewood Avenue,Apple Pay,Delivered,3/25/2020
464,163,2,68,2/8/2020,6370.32,7 Nelson Plaza,PayPal,Pending,2/9/2022
465,822,758,65,1/24/2022,891.6,35 Bunker Hill Lane,PayPal,Delivered,3/28/2022
466,659,545,16,2/8/2021,9186.22,1 Blackbird Court,Credit Card,Delivered,12/13/2020
467,333,600,41,7/8/2022,4587.47,63544 Dahle Center,PayPal,Delivered,1/30/2020
468,955,733,53,12/10/2021,5827.6,8 Troy Lane,Credit Card,Delivered,7/3/2020
469,900,713,48,4/30/2020,1111.98,1803 Algoma Circle,Apple Pay,Pending,12/15/2020
470,330,309,56,6/22/2021,4865.52,38415 Gale Place,Apple Pay,Pending,12/20/2021
471,820,329,25,5/13/2020,7389.52,9 Badeau Plaza,PayPal,Pending,1/5/2022
472,271,590,21,1/23/2022,1837.91,1633 Hudson Junction,Credit Card,Pending,10/17/2022
473,767,982,62,4/29/2021,334.63,9189 Upham Road,Credit Card,Shipped,4/1/2022
474,217,852,76,5/26/2021,9653.42,428 Butternut Drive,Apple Pay,Delivered,4/9/2022
475,275,187,74,12/28/2021,2303.08,6299 Moland Point,Apple Pay,Shipped,3/3/2020
476,220,917,46,7/23/2022,6753.51,7408 Golf View Court,Apple Pay,Pending,9/29/2022
477,512,760,97,7/8/2021,5877.09,93999 Village Terrace,Credit Card,Delivered,12/7/2021
478,392,117,17,5/24/2020,3178.63,1 David Center,Credit Card,Delivered,8/24/2020
479,974,267,18,2/8/2022,498.93,10 Dixon Lane,Credit Card,Pending,11/6/2022
480,474,687,91,1/7/2020,3241.39,9 Butternut Center,Credit Card,Shipped,5/18/2022
481,641,406,95,6/2/2022,9605.59,748 Clyde Gallagher Street,Apple Pay,Delivered,10/17/2021
482,77,646,70,8/20/2020,8923.36,126 Chive Park,Credit Card,Delivered,7/1/2021
483,75,58,3,9/18/2021,8936.97,0523 Elka Court,Credit Card,Pending,7/10/2022
484,509,473,18,7/14/2020,1100.96,87 Mayfield Street,Apple Pay,Delivered,4/21/2022
485,476,33,48,12/19/2020,5972.12,7748 Blackbird Road,Credit Card,Shipped,11/5/2020
486,622,534,23,2/3/2022,1479.33,5132 1st Circle,Credit Card,Shipped,11/25/2022
487,713,638,77,8/15/2021,9321.56,59068 Basil Point,PayPal,Shipped,3/15/2021
488,25,722,33,1/16/2022,2001.1,17563 Dwight Park,Credit Card,Shipped,6/20/2021
489,983,78,80,1/1/2020,4837.15,836 Artisan Crossing,Apple Pay,Delivered,8/9/2021
490,75,580,59,3/15/2021,1025.36,4628 1st Trail,PayPal,Pending,4/13/2020
491,950,606,86,3/23/2021,9889.52,9 Arapahoe Avenue,PayPal,Pending,6/10/2021
492,894,675,27,1/9/2022,3021.88,941 Kim Trail,Apple Pay,Pending,1/20/2020
493,65,183,37,10/11/2021,4612.9,8750 Cody Avenue,Credit Card,Delivered,11/26/2020
494,600,373,9,5/25/2021,5948.37,7899 Golf Course Road,Credit Card,Delivered,5/23/2020
495,838,708,71,12/1/2022,947.51,5 Fallview Street,Apple Pay,Shipped,6/26/2022
496,489,95,28,6/5/2021,4008.6,7 Cascade Point,PayPal,Shipped,8/30/2022
497,395,595,44,2/13/2020,5002.9,3639 Boyd Parkway,Apple Pay,Delivered,8/1/2022
498,885,729,17,10/25/2022,3555.58,3864 Dahle Road,Apple Pay,Delivered,11/9/2020
499,907,375,57,9/16/2020,7670.87,619 Bartillon Avenue,PayPal,Pending,6/6/2021
500,140,608,94,9/4/2020,2283.96,3822 Dorton Terrace,PayPal,Delivered,3/10/2020
501,473,319,80,12/19/2021,7710.19,7805 Artisan Circle,Credit Card,Delivered,6/24/2021
502,4,581,59,5/14/2022,9698.14,15 Rutledge Center,PayPal,Delivered,6/18/2022
503,688,853,95,11/1/2020,6454.41,8 1st Junction,Credit Card,Delivered,10/24/2022
504,531,897,42,4/2/2020,3776.61,3 Haas Parkway,Apple Pay,Pending,2/21/2021
505,700,217,5,6/1/2022,3577.7,5578 Anderson Court,Credit Card,Shipped,10/12/2022
506,911,762,3,12/13/2021,5186.14,807 Union Point,PayPal,Delivered,10/3/2022
507,248,697,37,11/10/2020,4488.15,1 Ridgeway Road,Credit Card,Shipped,7/1/2020
508,736,393,24,12/20/2022,5093.06,76289 Nancy Drive,PayPal,Delivered,1/3/2022
509,700,322,9,6/28/2021,263.03,05 Barby Park,Credit Card,Delivered,6/11/2022
510,910,207,31,7/29/2022,7903.92,906 Grasskamp Street,Credit Card,Shipped,6/2/2022
511,546,930,44,3/29/2020,1636.15,98 Walton Park,Apple Pay,Shipped,9/13/2021
512,858,807,11,3/2/2021,9357.67,6 Burrows Pass,Apple Pay,Shipped,5/15/2022
513,557,802,35,4/25/2021,9830.21,2519 Darwin Hill,Credit Card,Pending,3/28/2022
514,102,174,98,3/18/2022,5325.75,58 Oneill Circle,Credit Card,Delivered,9/2/2021
515,985,843,51,1/30/2022,6463.03,81 Anderson Road,Apple Pay,Delivered,12/3/2022
516,956,508,88,8/19/2021,9830.5,0 Village Center,Apple Pay,Delivered,10/11/2022
517,583,391,80,8/29/2022,6119.88,71987 Reindahl Place,Apple Pay,Delivered,5/21/2022
518,627,7,64,5/5/2020,1068.24,73119 Main Hill,Apple Pay,Pending,11/18/2021
519,371,224,26,3/21/2022,7784.65,6 Nelson Circle,Apple Pay,Pending,2/1/2021
520,96,441,82,1/12/2022,8523.95,77371 Northview Way,PayPal,Shipped,1/23/2022
521,180,621,70,6/29/2022,8432.17,223 Lake View Alley,Apple Pay,Pending,9/20/2020
522,688,166,4,1/9/2021,165.82,7244 Derek Hill,Credit Card,Pending,4/15/2020
523,185,997,60,4/27/2020,3823.47,8069 Division Way,PayPal,Pending,8/10/2022
524,438,742,56,6/1/2021,6650.53,947 Esker Avenue,Apple Pay,Pending,1/5/2022
525,475,599,42,7/21/2022,8832.06,014 Melody Place,PayPal,Pending,11/23/2020
526,196,965,54,5/10/2021,6531.85,5 Del Mar Terrace,Credit Card,Shipped,7/10/2022
527,488,1,95,5/25/2020,4053.66,88748 Surrey Plaza,Credit Card,Delivered,9/11/2022
528,930,234,32,6/4/2022,8960.67,86 Buhler Avenue,Credit Card,Delivered,7/22/2020
529,701,404,3,7/24/2022,1006.75,227 Moulton Plaza,PayPal,Delivered,2/21/2021
530,304,339,43,5/3/2022,696.55,1412 Steensland Plaza,PayPal,Delivered,1/18/2020
531,322,20,79,3/12/2021,2923.43,1 Londonderry Plaza,Apple Pay,Delivered,6/21/2020
532,853,349,56,8/11/2020,2522.16,0362 Boyd Circle,Credit Card,Delivered,5/6/2021
533,278,395,37,5/4/2022,4782.67,46467 Valley Edge Circle,Credit Card,Pending,10/3/2021
534,758,420,43,4/7/2021,5684.06,22 Huxley Center,Apple Pay,Delivered,10/24/2022
535,75,341,92,3/13/2020,9072.24,43419 Annamark Circle,Credit Card,Pending,1/14/2020
536,500,136,82,11/22/2021,2763.03,199 Brown Avenue,Credit Card,Delivered,1/3/2021
537,64,879,40,2/14/2021,7084.53,85165 Chive Place,Apple Pay,Delivered,5/3/2021
538,336,245,60,4/29/2022,1185.65,3949 Blackbird Way,Credit Card,Delivered,11/6/2020
539,518,212,23,1/17/2020,6690.77,255 Homewood Terrace,Apple Pay,Delivered,7/23/2021
540,582,177,24,9/12/2022,7678.56,768 Esker Crossing,Apple Pay,Delivered,1/23/2022
541,402,461,4,3/27/2020,9173.95,74139 Fisk Road,Credit Card,Pending,1/18/2022
542,549,653,66,5/10/2021,940.56,986 Fairview Avenue,Apple Pay,Pending,3/28/2021
543,820,961,61,12/8/2020,8744.41,1807 Longview Lane,Credit Card,Pending,12/29/2021
544,236,203,57,8/1/2020,951.19,24177 Bartelt Court,Credit Card,Delivered,12/25/2022
545,152,364,26,8/14/2022,2184.83,685 Jenna Court,Apple Pay,Delivered,4/3/2020
546,539,613,36,9/12/2020,2323.44,249 Maple Circle,PayPal,Shipped,11/29/2022
547,811,451,71,6/3/2021,6892.29,8 Glacier Hill Drive,PayPal,Pending,7/3/2021
548,668,780,61,3/11/2020,5776.64,0668 Artisan Place,PayPal,Delivered,1/20/2020
549,9,671,74,5/16/2021,5552.82,09 Oakridge Alley,Credit Card,Shipped,1/13/2020
550,813,139,35,3/29/2021,493.64,770 Eagan Hill,Credit Card,Shipped,10/7/2022
551,752,73,72,12/11/2020,3487.4,92 Springview Terrace,Credit Card,Pending,1/1/2021
552,437,906,7,9/17/2022,6352.09,0991 Gale Parkway,Credit Card,Shipped,6/27/2021
553,427,102,62,8/8/2022,6559.85,6 Veith Alley,Credit Card,Delivered,11/5/2020
554,668,471,83,5/31/2021,5531.87,37546 Holy Cross Park,Credit Card,Delivered,6/12/2021
555,227,920,47,11/6/2021,724.88,0493 Manley Lane,Apple Pay,Pending,11/13/2021
556,457,656,19,8/31/2020,7411.21,897 Dwight Trail,Apple Pay,Shipped,2/5/2020
557,481,279,67,3/18/2022,6814.9,644 Westend Drive,PayPal,Delivered,3/25/2021
558,459,257,40,2/1/2022,9088.13,0 Crest Line Way,Apple Pay,Delivered,6/17/2020
559,18,938,92,11/12/2021,7225.66,57133 Harper Parkway,Apple Pay,Shipped,12/3/2022
560,541,400,62,4/30/2022,9695.61,114 Melby Lane,Apple Pay,Shipped,9/7/2022
561,435,93,61,4/11/2021,2595.85,5634 Jay Trail,PayPal,Delivered,10/18/2020
562,46,996,96,10/2/2021,2221.43,53 High Crossing Road,PayPal,Delivered,12/21/2020
563,179,189,84,3/26/2020,5362.88,939 Riverside Court,PayPal,Pending,8/13/2021
564,625,57,20,12/29/2021,9672.08,22674 Charing Cross Park,Credit Card,Delivered,10/10/2021
565,289,698,14,4/29/2022,7700.84,3 Hooker Drive,Credit Card,Pending,11/17/2022
566,632,913,36,12/9/2022,7913.99,2707 Arkansas Pass,Credit Card,Pending,6/18/2022
567,981,302,3,5/25/2020,118.38,76 Oak Center,Apple Pay,Shipped,12/13/2021
568,304,572,46,10/7/2020,8156.56,97 Warrior Avenue,Apple Pay,Delivered,9/6/2022
569,900,185,73,1/17/2022,5720.52,45341 Sloan Drive,PayPal,Shipped,5/25/2022
570,861,155,78,5/9/2020,1237.69,7 Iowa Point,PayPal,Delivered,9/30/2021
571,447,31,81,3/21/2020,5861.97,12645 Cottonwood Plaza,Apple Pay,Shipped,1/29/2022
572,357,42,57,7/22/2022,8414.22,65 Troy Parkway,Apple Pay,Delivered,8/9/2021
573,735,856,29,8/29/2021,5684.41,9 Lukken Drive,PayPal,Delivered,10/28/2020
574,468,877,37,5/16/2020,6581.84,81627 Westend Lane,Credit Card,Shipped,7/27/2022
575,372,365,60,11/19/2021,1801.44,8 Red Cloud Center,PayPal,Pending,2/19/2020
576,265,5,18,3/10/2021,7743.87,98 Kenwood Point,PayPal,Delivered,3/15/2022
577,368,250,71,1/31/2022,7125.52,1 Milwaukee Junction,Apple Pay,Shipped,11/11/2021
578,553,119,43,5/12/2022,7921.01,85221 Grayhawk Terrace,PayPal,Delivered,10/7/2022
579,33,173,67,10/9/2022,8614.52,90161 Red Cloud Drive,PayPal,Delivered,12/9/2020
580,333,495,1,11/20/2020,3197.58,39 Ludington Point,PayPal,Pending,5/9/2022
581,95,547,17,7/6/2022,4669.8,671 Stuart Way,PayPal,Shipped,3/4/2020
582,342,416,17,5/23/2021,7051.14,74148 Green Ridge Court,Credit Card,Delivered,7/15/2021
583,257,594,55,6/30/2020,6056.91,30214 Loeprich Alley,Credit Card,Pending,5/20/2021
584,168,759,63,10/8/2021,6223.67,0 Russell Alley,PayPal,Pending,10/9/2022
585,378,518,2,2/18/2021,6460.77,74654 Cambridge Court,Apple Pay,Shipped,5/13/2022
586,796,772,10,8/17/2020,1637.49,20616 Macpherson Drive,Apple Pay,Shipped,6/7/2020
587,96,323,17,4/1/2022,609.92,38 Jana Circle,Credit Card,Delivered,4/20/2020
588,205,641,61,7/30/2020,7980.98,9 Oak Valley Road,PayPal,Delivered,5/20/2020
589,186,694,3,4/9/2022,2186.82,3460 Hagan Crossing,Credit Card,Pending,1/1/2020
590,118,907,40,1/6/2020,7869.19,714 Columbus Court,Credit Card,Pending,5/4/2022
591,380,662,35,11/7/2020,2761.22,83 Steensland Junction,Credit Card,Pending,3/7/2021
592,208,562,16,3/26/2022,8330.02,6 Blue Bill Park Lane,PayPal,Shipped,9/21/2022
593,301,736,90,6/25/2022,6656.82,6575 Continental Street,PayPal,Shipped,6/20/2020
594,401,660,55,11/5/2020,4118.01,14761 Nevada Court,Apple Pay,Pending,4/6/2022
595,647,876,62,1/7/2021,1378.7,3816 Grasskamp Hill,Apple Pay,Delivered,7/31/2021
596,559,766,13,9/28/2021,2420.08,224 Crest Line Lane,Credit Card,Pending,2/23/2022
597,441,992,21,6/13/2022,6475.38,1906 Bartelt Junction,PayPal,Delivered,10/10/2020
598,130,490,74,3/28/2021,4700.8,62 Fallview Lane,Credit Card,Pending,9/27/2020
599,449,474,52,12/18/2021,2246.22,0 Canary Drive,Apple Pay,Delivered,7/5/2021
600,98,984,97,7/30/2020,8696.48,9 Roxbury Park,Apple Pay,Pending,2/25/2021
601,911,453,58,9/18/2020,8401.38,403 Dennis Park,Apple Pay,Shipped,4/9/2021
602,269,194,80,12/16/2020,8206.54,63460 Comanche Center,Credit Card,Shipped,3/12/2021
603,17,602,73,5/19/2021,4453.95,3198 Forster Parkway,Apple Pay,Pending,7/24/2022
604,795,944,9,1/7/2021,6196.23,11747 Ridgeway Plaza,Apple Pay,Pending,1/7/2022
605,799,825,19,10/9/2022,6191.72,583 American Ash Parkway,Credit Card,Shipped,12/3/2020
606,445,317,71,1/19/2022,7417.16,0 Sunbrook Crossing,Apple Pay,Pending,11/1/2022
607,461,678,56,11/29/2022,116.95,6 Sunbrook Terrace,PayPal,Delivered,10/7/2020
608,109,394,67,4/7/2020,5319.67,4918 Pankratz Crossing,Apple Pay,Pending,3/6/2020
609,735,651,50,5/6/2020,5391.28,0152 Mallory Park,Apple Pay,Delivered,9/10/2021
610,750,544,50,10/16/2022,3722.27,18 Ryan Place,Credit Card,Pending,10/31/2022
611,495,750,36,8/30/2022,3684.25,175 Mcbride Trail,PayPal,Pending,6/26/2022
612,214,622,2,11/3/2020,9489.86,10247 Center Terrace,PayPal,Delivered,12/26/2020
613,604,303,76,4/18/2020,6788.55,58941 Grim Plaza,Credit Card,Shipped,4/23/2021
614,149,178,87,12/24/2022,4545.12,16 Crescent Oaks Junction,PayPal,Delivered,1/4/2020
615,482,669,78,11/24/2020,3662.19,61661 Fordem Court,Apple Pay,Shipped,3/26/2022
616,535,49,52,9/9/2021,5200.87,84 Talisman Crossing,Apple Pay,Pending,11/7/2020
617,94,434,24,1/14/2021,3556.98,3446 Elka Place,PayPal,Shipped,7/5/2021
618,982,525,30,10/1/2021,3999.69,80 Iowa Terrace,Apple Pay,Shipped,9/5/2022
619,108,68,15,6/29/2021,3911.16,37 Toban Terrace,Credit Card,Delivered,6/30/2021
620,247,585,61,1/2/2020,1452.1,60696 Pearson Point,Apple Pay,Delivered,3/4/2022
621,869,485,90,3/19/2022,2923.89,93100 Toban Circle,Apple Pay,Pending,11/28/2022
622,227,38,35,10/22/2021,7227.8,7137 Parkside Crossing,PayPal,Delivered,2/23/2020
623,473,577,28,8/14/2020,912.15,75983 Florence Point,PayPal,Shipped,10/13/2021
624,741,723,55,1/28/2021,4112.91,26 Mallory Circle,PayPal,Pending,11/21/2022
625,672,526,65,3/15/2020,9345.74,7321 Northfield Court,Credit Card,Pending,11/2/2020
626,87,253,58,7/16/2020,2041.62,821 Karstens Street,Apple Pay,Pending,8/1/2021
627,309,680,45,12/9/2022,5.09,1 Northwestern Parkway,Apple Pay,Shipped,3/13/2021
628,683,455,31,1/24/2020,8809.55,9320 Gerald Park,Apple Pay,Shipped,6/5/2021
629,212,229,42,6/16/2022,265.8,022 Mockingbird Terrace,Apple Pay,Pending,6/23/2022
630,859,276,49,3/3/2022,6288.7,8 Grover Road,Apple Pay,Delivered,9/2/2021
631,406,499,41,2/14/2021,4549.77,767 Northland Way,Apple Pay,Delivered,8/10/2020
632,705,315,6,6/9/2021,7271.9,4 Hollow Ridge Point,Apple Pay,Pending,9/26/2020
633,936,167,77,6/16/2021,7196.36,62334 Old Gate Parkway,Apple Pay,Pending,10/4/2021
634,894,550,79,2/7/2021,4251.09,1370 Lakeland Center,PayPal,Shipped,1/30/2020
635,217,296,29,2/12/2021,6381.3,01 Twin Pines Pass,Credit Card,Shipped,1/1/2021
636,401,202,97,11/28/2021,2627.67,2818 Dovetail Circle,Apple Pay,Pending,1/31/2020
637,831,764,8,4/5/2022,6858.91,5 Continental Park,PayPal,Pending,10/31/2022
638,151,653,63,8/24/2020,5060.69,5 Vidon Park,Apple Pay,Pending,11/11/2021
639,308,819,12,2/22/2020,3313.84,88677 Waywood Avenue,Apple Pay,Shipped,11/13/2020
640,332,56,13,10/5/2020,7582.8,8799 Butternut Pass,Apple Pay,Pending,7/23/2021
641,410,706,69,10/14/2022,1482.12,417 Doe Crossing Parkway,PayPal,Pending,5/7/2022
642,57,524,38,5/19/2020,1711.95,76792 Coleman Point,PayPal,Delivered,9/12/2021
643,317,419,9,4/8/2020,3740.27,49 South Point,Apple Pay,Pending,4/8/2022
644,343,720,22,1/25/2021,5941.68,4 Tennessee Trail,Credit Card,Pending,11/10/2022
645,442,470,86,7/4/2022,3810.06,80 Sullivan Street,Credit Card,Delivered,9/6/2021
646,694,108,88,11/14/2022,5897.63,86395 Melrose Crossing,Apple Pay,Pending,9/1/2020
647,99,454,57,9/8/2020,1181.5,66610 Rowland Road,Apple Pay,Delivered,4/18/2021
648,330,874,15,2/10/2022,5222.14,28 Lillian Place,Credit Card,Delivered,9/11/2021
649,459,947,9,3/28/2020,6621.25,09 Mcbride Way,PayPal,Delivered,9/19/2021
650,715,1000,100,6/8/2021,8771.55,208 Lawn Way,Credit Card,Pending,9/28/2022
651,238,103,98,12/15/2020,3554.82,8 Elka Terrace,Credit Card,Pending,12/24/2021
652,201,19,20,12/8/2021,2931.49,56 Norway Maple Drive,Apple Pay,Shipped,4/23/2022
653,900,131,7,10/21/2021,6257.08,903 Surrey Center,PayPal,Delivered,6/23/2022
654,717,962,94,12/20/2020,2629.91,99 Holy Cross Lane,PayPal,Pending,1/20/2020
655,244,765,10,2/15/2020,8304.21,51214 Vahlen Alley,Credit Card,Pending,3/27/2022
656,393,609,7,5/4/2022,4305.11,45 Reindahl Junction,Apple Pay,Pending,11/6/2021
657,739,633,56,2/6/2020,7717.29,8 Mayfield Lane,Credit Card,Shipped,5/24/2020
658,156,950,71,7/18/2022,200.7,94619 Little Fleur Hill,PayPal,Delivered,6/1/2022
659,158,957,2,1/15/2021,6283.51,547 Melvin Lane,Credit Card,Shipped,11/8/2020
660,425,537,30,10/23/2021,3769.3,56 Upham Place,Apple Pay,Pending,3/16/2022
661,997,635,12,1/1/2021,7467.3,368 Bartelt Circle,Apple Pay,Pending,6/21/2021
662,81,639,22,8/8/2022,8743.57,67 Lien Junction,Apple Pay,Shipped,11/2/2020
663,818,430,75,12/23/2020,4639.86,90 5th Hill,Credit Card,Delivered,8/11/2021
664,225,868,31,10/28/2021,5861.42,4 Basil Center,Credit Card,Delivered,3/6/2022
665,482,980,37,8/28/2022,6254.34,5498 High Crossing Center,Apple Pay,Shipped,8/27/2020
666,410,44,62,2/10/2022,7696.45,142 Marquette Circle,PayPal,Pending,3/6/2020
667,162,735,2,9/11/2022,2121.74,6555 Hintze Avenue,Apple Pay,Shipped,5/24/2020
668,335,48,18,9/23/2020,5293.31,90891 Shopko Avenue,PayPal,Delivered,12/3/2020
669,885,602,53,1/3/2022,4431.52,744 Lotheville Trail,Credit Card,Shipped,2/3/2021
670,634,322,3,9/23/2022,2738.82,93 Texas Pass,Credit Card,Pending,1/21/2020
671,296,987,32,5/23/2021,8030.79,49 Grayhawk Drive,Credit Card,Shipped,11/5/2021
672,831,938,25,4/24/2021,2040.93,98 Monterey Way,Apple Pay,Shipped,9/27/2021
673,444,334,67,4/7/2022,2380.62,08883 Autumn Leaf Terrace,PayPal,Shipped,5/21/2020
674,967,960,21,10/5/2022,557.8,06438 Orin Place,Apple Pay,Delivered,10/13/2021
675,583,16,29,11/29/2022,7384.95,1 Grim Lane,Apple Pay,Delivered,8/28/2022
676,766,330,23,11/18/2022,1666.02,498 Gulseth Plaza,PayPal,Delivered,4/13/2020
677,375,84,84,10/10/2021,98.01,863 Daystar Terrace,Credit Card,Shipped,1/11/2020
678,164,47,45,11/2/2021,8733.55,40513 Lien Point,Apple Pay,Pending,12/4/2022
679,727,121,29,10/12/2020,6168.78,7460 Forster Crossing,Credit Card,Delivered,10/5/2020
680,719,158,93,5/24/2022,9684.54,52256 Warner Trail,Credit Card,Delivered,8/19/2020
681,15,357,44,6/16/2021,9574.74,84448 Village Green Street,PayPal,Pending,4/15/2021
682,287,946,31,9/10/2020,3594.49,28 Hayes Junction,PayPal,Delivered,5/16/2021
683,696,655,85,12/3/2022,9662.75,487 Village Court,PayPal,Delivered,7/21/2022
684,302,903,21,8/20/2021,1526.73,1115 Blue Bill Park Junction,Apple Pay,Delivered,5/10/2022
685,524,308,47,11/5/2021,3013.78,254 Cascade Hill,Apple Pay,Delivered,1/14/2021
686,427,72,91,11/6/2022,6563.02,220 Harbort Hill,PayPal,Shipped,11/18/2021
687,603,532,88,7/30/2020,4590.33,09815 Springs Drive,Credit Card,Pending,9/25/2021
688,491,81,71,12/21/2022,9624.9,85963 Blaine Junction,PayPal,Delivered,8/12/2022
689,760,236,69,8/22/2020,1649.08,67718 Bay Alley,PayPal,Delivered,9/3/2021
690,959,547,95,8/6/2022,2681.67,03096 Mosinee Circle,Apple Pay,Shipped,3/4/2022
691,112,538,70,5/22/2020,6950.85,83765 Waywood Trail,PayPal,Shipped,8/20/2021
692,976,629,26,7/6/2020,7747.97,435 Vidon Plaza,Credit Card,Pending,12/8/2021
693,46,803,68,5/24/2020,216.12,77003 Farwell Circle,Credit Card,Delivered,8/2/2020
694,712,413,6,8/31/2020,9991.69,08 Springview Junction,Apple Pay,Pending,9/23/2022
695,342,978,38,4/4/2022,6314.85,390 Shelley Point,Apple Pay,Shipped,4/28/2021
696,768,931,71,2/15/2022,3573.49,5821 Golf View Center,Credit Card,Delivered,8/8/2020
697,231,159,39,5/15/2020,9961.15,84 Bunting Alley,Credit Card,Shipped,1/16/2020
698,824,420,24,5/7/2022,6805.61,80 Armistice Center,PayPal,Shipped,11/30/2021
699,824,822,86,1/22/2020,8279.14,3373 Cascade Pass,PayPal,Pending,10/12/2021
700,464,285,80,8/28/2022,1294.84,5 Novick Lane,PayPal,Pending,4/4/2022
701,315,169,19,1/11/2022,2961.83,7 Warbler Avenue,Apple Pay,Shipped,1/23/2021
702,914,342,57,4/18/2022,6905.86,06 Luster Pass,PayPal,Pending,8/9/2020
703,334,857,2,11/19/2021,6073.69,3 Sugar Place,PayPal,Shipped,10/27/2021
704,435,186,67,9/30/2021,9443.9,93244 Londonderry Avenue,PayPal,Pending,7/11/2020
705,170,185,73,8/4/2022,6083.29,991 Eagle Crest Circle,Apple Pay,Delivered,6/16/2021
706,935,876,96,3/14/2021,6010.98,42 Brentwood Park,Apple Pay,Pending,12/30/2022
707,332,587,29,4/9/2022,8711.91,875 West Drive,Credit Card,Shipped,3/29/2022
708,270,467,71,11/15/2021,3821.15,923 Coleman Hill,Apple Pay,Pending,12/23/2022
709,431,367,27,9/20/2022,7102.48,15 7th Avenue,Apple Pay,Delivered,9/1/2021
710,126,318,29,7/3/2021,3836.55,2257 Quincy Road,PayPal,Delivered,11/20/2021
711,883,376,65,10/31/2022,7558.19,8 Lunder Terrace,Apple Pay,Shipped,9/4/2020
712,58,641,55,2/5/2021,6738.58,81 Fallview Trail,PayPal,Shipped,12/23/2022
713,530,85,57,2/24/2022,5551.13,22 Maple Junction,PayPal,Delivered,9/17/2021
714,182,337,84,7/10/2021,3829.98,33 Kropf Lane,Apple Pay,Delivered,12/25/2020
715,282,177,58,1/11/2022,409.42,303 Messerschmidt Trail,PayPal,Pending,11/8/2022
716,613,26,66,9/9/2022,5248.39,7568 Service Center,PayPal,Pending,1/12/2021
717,507,943,88,5/14/2020,3633.33,21 Havey Pass,Apple Pay,Shipped,7/17/2021
718,299,53,25,12/8/2020,9622.19,9317 Springview Way,Credit Card,Pending,7/29/2022
719,120,583,82,10/23/2020,8615.0,7404 Florence Junction,PayPal,Pending,2/17/2021
720,996,90,92,6/29/2022,2792.07,5340 Hazelcrest Lane,PayPal,Shipped,12/10/2022
721,275,607,27,6/27/2021,9649.43,6078 Stoughton Alley,PayPal,Shipped,3/26/2021
722,280,728,41,1/16/2021,6733.26,94769 Ronald Regan Place,PayPal,Shipped,1/8/2021
723,906,457,41,3/13/2022,1327.74,3 Loeprich Park,PayPal,Delivered,12/21/2022
724,100,275,2,7/22/2021,8945.71,4 Loeprich Junction,Apple Pay,Delivered,8/1/2021
725,655,73,7,4/27/2021,8663.68,76 Daystar Parkway,Apple Pay,Shipped,3/1/2020
726,939,771,49,3/8/2020,899.47,32163 Green Hill,Credit Card,Delivered,7/2/2021
727,381,155,90,9/3/2022,8083.42,054 Fremont Parkway,Credit Card,Pending,3/29/2020
728,984,55,39,12/13/2022,6718.79,743 Ilene Road,Apple Pay,Shipped,9/25/2022
729,298,952,32,6/23/2021,1570.6,09714 Namekagon Parkway,Apple Pay,Delivered,1/17/2020
730,427,39,56,7/18/2022,1896.01,72734 Springs Way,Apple Pay,Delivered,10/13/2020
731,925,69,27,2/17/2020,8816.45,12 Monterey Parkway,Credit Card,Pending,12/24/2021
732,270,378,71,12/9/2022,3812.6,20 Oneill Center,Credit Card,Delivered,9/16/2022
733,941,778,45,1/28/2022,2559.07,299 Clarendon Way,Apple Pay,Shipped,12/2/2020
734,237,965,28,10/15/2021,5484.77,3 Fordem Place,PayPal,Pending,6/29/2021
735,684,836,43,6/25/2020,3540.66,59 Sullivan Lane,Credit Card,Delivered,6/18/2020
736,6,407,33,12/17/2020,71.7,99699 Pepper Wood Avenue,PayPal,Delivered,4/11/2020
737,426,341,39,6/27/2022,7257.74,94868 Forest Run Alley,PayPal,Shipped,8/15/2021
738,462,273,75,7/14/2021,8900.79,13 Homewood Plaza,Credit Card,Pending,4/7/2022
739,863,696,97,3/1/2021,2303.93,23 Packers Circle,PayPal,Pending,1/23/2020
740,253,540,24,4/14/2020,5576.75,8290 Forster Court,PayPal,Pending,6/20/2021
741,868,754,86,8/8/2021,9537.78,6 Bowman Road,Apple Pay,Delivered,8/17/2020
742,398,932,68,1/20/2020,8766.73,8235 Quincy Center,Credit Card,Pending,2/14/2022
743,348,853,97,3/16/2022,2214.95,571 Anzinger Court,Apple Pay,Delivered,4/2/2020
744,729,206,80,3/3/2022,7636.78,812 Maywood Pass,Credit Card,Delivered,6/29/2020
745,594,747,83,7/8/2021,192.94,73509 Debs Way,Apple Pay,Shipped,11/21/2021
746,390,748,18,12/7/2021,8668.74,4 Esch Place,Apple Pay,Delivered,5/3/2020
747,244,508,53,7/22/2021,8982.93,96284 Golf Alley,Apple Pay,Shipped,1/2/2021
748,729,768,43,8/6/2022,6285.64,95775 Bunker Hill Junction,PayPal,Delivered,1/18/2020
749,735,792,22,1/15/2022,5970.93,79806 Milwaukee Avenue,Apple Pay,Shipped,1/19/2020
750,281,695,22,2/4/2020,4242.27,99 Karstens Hill,Apple Pay,Delivered,8/31/2022
751,309,444,31,6/5/2021,9875.12,7 Victoria Center,Credit Card,Pending,10/30/2020
752,625,65,40,5/22/2021,7029.96,6630 Lotheville Drive,PayPal,Shipped,11/25/2020
753,756,557,66,3/5/2022,4689.3,3073 Walton Pass,Credit Card,Shipped,1/13/2022
754,777,260,95,1/17/2021,630.76,81 Kipling Court,PayPal,Pending,12/13/2022
755,843,737,17,9/11/2021,8049.09,161 Manufacturers Center,PayPal,Pending,3/14/2020
756,472,229,51,4/27/2021,9949.53,89 Prairieview Plaza,Credit Card,Shipped,2/26/2021
757,972,31,78,7/5/2021,9779.34,02 Truax Terrace,Apple Pay,Delivered,12/27/2020
758,633,107,33,11/19/2020,7082.41,2375 Dryden Way,PayPal,Pending,1/26/2021
759,174,717,6,2/6/2020,6350.97,74691 Melvin Center,PayPal,Shipped,1/1/2020
760,429,445,64,6/27/2021,2969.45,73201 Anderson Parkway,PayPal,Shipped,9/19/2020
761,255,168,63,4/27/2022,268.3,76 Golf Park,PayPal,Delivered,8/7/2020
762,296,620,21,10/5/2021,5969.89,2406 Dorton Park,Apple Pay,Pending,1/30/2020
763,216,241,35,12/20/2020,1743.41,36 Erie Street,Credit Card,Shipped,10/5/2021
764,288,25,6,1/21/2020,6653.42,7630 Boyd Circle,Credit Card,Shipped,2/21/2021
765,810,110,98,9/15/2021,3342.57,3 Northland Pass,Apple Pay,Delivered,8/12/2020
766,271,968,89,6/26/2022,2886.45,9373 Ohio Point,Apple Pay,Shipped,12/15/2020
767,641,963,15,9/12/2020,2459.72,06414 5th Way,Apple Pay,Shipped,10/6/2022
768,136,145,56,2/28/2022,8245.22,3 Porter Way,Apple Pay,Shipped,6/9/2021
769,880,536,73,11/6/2022,6283.6,1 Arkansas Point,Apple Pay,Delivered,5/18/2021
770,544,225,15,6/6/2021,1293.33,1 Calypso Way,PayPal,Delivered,1/20/2020
771,633,480,87,8/28/2021,8264.3,83 Fulton Pass,Apple Pay,Shipped,10/31/2020
772,333,129,20,10/8/2021,3647.4,64 Pennsylvania Parkway,Apple Pay,Delivered,9/15/2020
773,501,218,43,12/4/2021,9704.76,68525 Schurz Park,PayPal,Shipped,9/24/2022
774,126,920,55,4/5/2022,5818.18,795 Knutson Parkway,PayPal,Pending,9/5/2021
775,472,835,46,8/16/2020,7790.95,60937 Del Sol Pass,Apple Pay,Pending,10/10/2022
776,884,515,90,8/5/2021,6174.62,2088 Lillian Alley,Apple Pay,Shipped,11/4/2022
777,418,581,43,11/24/2021,191.85,81 Ramsey Court,Credit Card,Pending,3/11/2020
778,519,71,3,4/26/2020,8741.77,2 Westridge Terrace,PayPal,Delivered,5/30/2021
779,720,601,33,7/23/2020,2725.06,5802 Service Drive,Apple Pay,Pending,1/24/2020
780,719,961,40,7/31/2022,4422.16,1 Jay Lane,Credit Card,Delivered,8/19/2022
781,787,288,17,11/13/2021,8290.44,6 Westport Alley,Credit Card,Delivered,2/8/2022
782,378,477,74,2/14/2021,3170.57,1953 Red Cloud Trail,PayPal,Shipped,3/7/2021
783,291,716,23,12/13/2021,8514.41,1677 Hoffman Terrace,PayPal,Pending,1/1/2022
784,775,372,33,5/2/2021,3251.86,3 3rd Avenue,PayPal,Delivered,12/2/2022
785,727,569,85,8/8/2022,6112.94,1926 Talmadge Drive,Credit Card,Delivered,9/12/2021
786,406,754,83,1/16/2021,9103.95,13907 Portage Junction,PayPal,Shipped,4/28/2020
787,725,520,19,2/15/2021,2021.24,692 Lighthouse Bay Drive,Credit Card,Delivered,8/27/2021
788,711,332,69,10/19/2021,6625.67,72 Dapin Court,PayPal,Delivered,10/13/2020
789,21,537,86,3/15/2021,202.47,7630 Leroy Plaza,Credit Card,Pending,1/6/2020
790,481,497,81,6/19/2021,1817.41,08 Nobel Trail,Apple Pay,Shipped,5/3/2021
791,464,333,60,7/13/2021,7762.2,0229 Monica Alley,Credit Card,Delivered,3/13/2022
792,267,581,98,7/10/2021,2461.2,7 Loftsgordon Crossing,Apple Pay,Pending,11/13/2020
793,418,500,68,8/15/2021,5592.72,76 Thompson Trail,Apple Pay,Delivered,7/31/2022
794,302,343,16,12/3/2020,9553.83,3 Emmet Circle,Credit Card,Delivered,7/12/2020
795,682,841,74,1/22/2022,4232.25,145 Larry Park,Apple Pay,Pending,7/16/2020
796,539,81,8,8/27/2020,5479.43,095 Jenna Terrace,Apple Pay,Shipped,10/15/2022
797,40,70,23,3/26/2021,6750.62,89 Merrick Way,PayPal,Delivered,10/16/2021
798,554,902,47,4/11/2022,2636.32,492 Warrior Crossing,Apple Pay,Pending,3/26/2021
799,413,985,24,2/10/2022,8301.23,4 Spaight Crossing,Apple Pay,Delivered,4/16/2022
800,805,487,95,1/15/2020,4705.99,044 Arapahoe Point,PayPal,Pending,4/23/2022
801,393,664,34,9/16/2020,4336.76,7351 Comanche Terrace,Credit Card,Pending,9/27/2020
802,322,202,71,10/1/2021,6308.67,1873 Mockingbird Crossing,Apple Pay,Shipped,7/7/2020
803,421,158,86,1/27/2020,1644.24,94830 Hudson Avenue,PayPal,Delivered,11/30/2020
804,641,816,61,6/18/2022,5162.11,0514 Barby Place,PayPal,Delivered,1/27/2021
805,863,117,56,8/11/2020,1860.32,5148 Karstens Lane,Apple Pay,Shipped,4/14/2022
806,77,889,9,7/7/2022,9713.41,7 Declaration Alley,PayPal,Shipped,2/21/2021
807,455,299,54,7/2/2022,4488.21,85 Anderson Crossing,Apple Pay,Shipped,11/7/2022
808,569,688,47,3/14/2020,1791.72,3 Toban Junction,Credit Card,Pending,8/17/2022
809,519,671,35,9/7/2021,1027.37,2656 Cody Place,Credit Card,Delivered,6/7/2022
810,68,318,70,9/10/2022,2178.33,839 Dahle Point,Credit Card,Delivered,8/11/2021
811,872,944,31,7/22/2022,8850.15,355 Bluejay Crossing,Credit Card,Pending,7/4/2022
812,227,860,51,6/12/2020,6481.37,26 Artisan Center,PayPal,Shipped,6/17/2020
813,952,87,70,5/27/2022,9610.41,161 Jenna Hill,Credit Card,Shipped,11/30/2021
814,627,551,99,4/22/2020,8409.27,875 Clyde Gallagher Pass,PayPal,Delivered,3/28/2022
815,121,230,87,8/23/2020,4617.42,89591 Twin Pines Hill,PayPal,Pending,8/23/2020
816,533,166,28,5/29/2022,7433.01,18 Helena Trail,Apple Pay,Shipped,2/13/2022
817,99,245,12,12/8/2021,9725.41,70013 Pond Plaza,PayPal,Shipped,1/23/2021
818,268,645,99,7/25/2022,1900.34,60755 Bashford Place,Credit Card,Pending,3/30/2022
819,179,867,65,1/26/2022,1002.97,3 Merrick Crossing,PayPal,Shipped,8/31/2020
820,409,994,7,7/11/2022,2346.74,2 Oakridge Circle,Apple Pay,Delivered,3/2/2022
821,297,995,84,8/9/2021,113.4,2097 Warbler Hill,Credit Card,Pending,5/20/2020
822,130,842,25,1/10/2020,8221.86,6 Laurel Trail,Apple Pay,Shipped,11/21/2022
823,290,74,70,8/22/2022,430.96,9 Aberg Drive,Credit Card,Shipped,4/23/2022
824,32,934,51,1/28/2021,6849.66,204 Ridgeway Crossing,Credit Card,Delivered,1/29/2021
825,56,824,73,2/4/2020,5279.8,7 Rowland Parkway,Apple Pay,Shipped,4/30/2022
826,914,956,35,7/16/2020,9645.01,72881 Spohn Court,Credit Card,Pending,10/9/2022
827,626,911,48,12/25/2020,3322.09,76 Hanover Point,Apple Pay,Shipped,2/29/2020
828,975,448,23,2/17/2021,6056.84,308 Canary Terrace,PayPal,Shipped,3/23/2020
829,410,593,35,2/28/2021,8673.68,213 Elmside Crossing,PayPal,Delivered,12/8/2022
830,733,966,53,7/22/2021,3974.66,9 Jenifer Trail,Apple Pay,Pending,8/29/2022
831,360,436,28,10/31/2022,3958.93,0508 Harbort Road,Credit Card,Pending,11/28/2022
832,882,146,70,9/13/2022,6640.1,253 Golf View Road,PayPal,Delivered,11/23/2021
833,988,704,78,1/30/2022,4288.87,515 Schurz Place,Credit Card,Shipped,9/12/2021
834,437,702,45,2/23/2021,4522.99,4 Brickson Park Pass,Apple Pay,Delivered,3/16/2022
835,355,851,69,3/29/2022,5051.63,5267 Texas Point,Apple Pay,Shipped,6/30/2022
836,230,397,90,12/9/2022,8213.34,889 Colorado Trail,Credit Card,Shipped,12/4/2022
837,466,633,40,11/3/2020,3733.56,14382 Novick Place,Credit Card,Delivered,7/3/2022
838,229,181,13,4/18/2021,8710.34,808 Esker Pass,Apple Pay,Shipped,8/7/2021
839,738,195,9,7/16/2022,9055.16,3 Stephen Center,PayPal,Pending,1/15/2022
840,103,984,95,1/21/2020,7360.11,5806 Montana Center,Credit Card,Shipped,5/13/2021
841,772,268,40,11/20/2020,4955.16,25 Melrose Hill,PayPal,Delivered,7/25/2021
842,329,977,50,3/9/2022,8809.64,184 Esch Crossing,Credit Card,Pending,9/7/2022
843,710,931,84,5/10/2021,2718.72,893 Stephen Terrace,Apple Pay,Pending,5/7/2022
844,715,140,19,10/31/2021,6188.65,9 Quincy Street,PayPal,Shipped,11/30/2020
845,548,547,43,9/4/2022,9463.08,068 Hanover Way,Apple Pay,Delivered,6/3/2021
846,235,444,60,9/10/2020,6239.89,6 Express Way,Apple Pay,Delivered,7/20/2020
847,116,988,28,2/12/2021,1376.72,1203 Westport Circle,PayPal,Shipped,4/2/2021
848,494,188,94,10/28/2020,1168.25,588 Parkside Avenue,Apple Pay,Pending,2/21/2021
849,146,368,68,11/18/2020,6061.97,12 Sheridan Way,Credit Card,Shipped,4/3/2020
850,440,384,60,4/25/2020,7307.27,77 Eastwood Pass,PayPal,Delivered,6/28/2020
851,725,449,97,10/5/2021,4282.89,3 Crowley Drive,PayPal,Delivered,4/15/2020
852,898,972,2,5/20/2020,9791.28,5 Declaration Plaza,Apple Pay,Delivered,5/20/2020
853,742,686,71,9/23/2020,985.97,521 Corry Point,Apple Pay,Pending,5/17/2020
854,969,624,87,11/22/2021,9241.81,0 Vahlen Place,PayPal,Pending,1/23/2021
855,340,748,78,12/24/2022,3003.55,0558 Swallow Drive,Credit Card,Pending,12/29/2020
856,776,137,80,10/10/2020,9401.42,87664 East Terrace,Credit Card,Pending,7/31/2021
857,69,256,97,2/2/2020,6007.36,04319 Kipling Junction,Credit Card,Delivered,11/23/2021
858,674,348,10,11/7/2021,2258.55,05983 Novick Lane,PayPal,Shipped,3/24/2020
859,803,658,91,12/10/2020,7996.26,9 Westend Lane,PayPal,Delivered,9/3/2021
860,604,29,57,10/9/2020,8540.32,55900 Bonner Plaza,Credit Card,Shipped,9/16/2021
861,724,475,45,2/1/2022,880.91,33 Park Meadow Hill,Apple Pay,Shipped,7/26/2021
862,382,694,28,1/25/2022,3994.17,2 Maple Wood Trail,Apple Pay,Delivered,8/14/2021
863,944,491,54,7/15/2022,1449.64,18476 Eagle Crest Point,PayPal,Pending,6/23/2020
864,79,420,89,10/5/2022,1843.09,234 Russell Drive,Credit Card,Shipped,3/25/2021
865,177,621,57,8/20/2020,6688.83,69 Hallows Plaza,Apple Pay,Pending,4/10/2020
866,764,868,40,11/8/2022,4804.95,67234 Magdeline Place,PayPal,Pending,12/24/2021
867,762,150,21,9/4/2021,8556.6,39 6th Street,Apple Pay,Shipped,4/13/2021
868,690,131,18,3/1/2021,1337.61,9 Dryden Crossing,Apple Pay,Pending,9/3/2022
869,981,359,51,6/29/2022,7826.01,3722 Springview Junction,Credit Card,Shipped,3/3/2021
870,258,71,93,4/6/2021,2491.63,15018 Grasskamp Drive,PayPal,Shipped,3/5/2022
871,266,776,69,11/24/2022,1561.61,3 Dawn Lane,Credit Card,Shipped,10/18/2022
872,490,575,53,6/21/2020,9089.17,0695 Sunbrook Way,PayPal,Pending,12/15/2022
873,675,324,25,1/4/2022,537.42,04426 Porter Way,Apple Pay,Pending,12/19/2020
874,87,517,17,8/20/2020,7095.61,4415 Continental Street,PayPal,Shipped,2/14/2022
875,911,323,25,8/9/2021,7016.88,08 Texas Center,Apple Pay,Shipped,2/26/2022
876,579,95,21,11/15/2021,5835.6,39844 Parkside Place,Credit Card,Pending,6/18/2022
877,151,981,32,5/27/2021,4583.92,2 Pennsylvania Trail,Credit Card,Delivered,9/23/2020
878,699,978,91,11/30/2021,2540.78,62 Schlimgen Parkway,Credit Card,Shipped,6/13/2021
879,893,314,10,2/25/2020,7584.35,6410 Melody Center,PayPal,Shipped,11/4/2021
880,811,590,43,11/2/2022,820.86,33 Bunting Court,Credit Card,Delivered,4/3/2020
881,349,466,56,6/17/2021,1597.03,056 1st Crossing,Apple Pay,Shipped,5/3/2022
882,716,381,48,2/16/2021,8597.88,9 Oakridge Road,Apple Pay,Pending,4/7/2021
883,138,421,33,7/31/2021,7808.98,9170 Mitchell Avenue,PayPal,Delivered,4/14/2022
884,791,320,57,8/11/2020,4347.62,43060 Maywood Street,Apple Pay,Shipped,4/25/2020
885,235,355,41,4/27/2022,8355.47,9690 Nelson Trail,Apple Pay,Shipped,4/29/2021
886,54,418,93,5/8/2020,6269.66,96053 Quincy Point,Apple Pay,Delivered,2/10/2021
887,365,660,51,4/15/2022,1810.01,61249 Duke Junction,Credit Card,Delivered,10/20/2022
888,97,857,86,5/18/2021,8059.2,4792 East Lane,Apple Pay,Pending,4/9/2020
889,997,515,63,11/3/2021,9790.35,1274 Dakota Crossing,Credit Card,Pending,7/1/2022
890,169,726,31,3/25/2022,3265.18,26 Debs Avenue,Apple Pay,Pending,10/6/2020
891,62,39,4,1/19/2022,3028.64,623 Dexter Pass,Apple Pay,Shipped,3/30/2020
892,563,592,18,1/9/2021,9666.11,48907 Gateway Pass,Credit Card,Pending,5/7/2020
893,725,894,44,6/23/2020,1205.67,7875 Randy Park,Credit Card,Delivered,8/13/2022
894,528,808,10,5/19/2022,3851.71,14 Nevada Drive,Apple Pay,Pending,1/30/2021
895,986,248,42,7/14/2022,9234.92,5 Badeau Pass,PayPal,Delivered,4/7/2022
896,226,603,89,6/12/2021,3841.75,02335 Amoth Crossing,Credit Card,Shipped,5/27/2021
897,102,120,47,4/21/2020,1612.62,88645 Mendota Junction,PayPal,Shipped,9/4/2021
898,170,591,90,11/26/2022,2555.6,790 School Junction,Apple Pay,Delivered,3/16/2022
899,785,653,92,2/21/2022,3773.13,414 Trailsway Street,PayPal,Pending,10/24/2020
900,255,52,82,9/23/2021,5676.68,43 Hagan Parkway,Credit Card,Pending,3/14/2021
901,431,112,71,8/7/2021,9336.52,4 Green Ridge Lane,PayPal,Pending,8/31/2020
902,146,698,24,2/4/2021,1324.76,02 Ohio Place,PayPal,Shipped,8/12/2022
903,927,865,91,6/23/2020,2115.24,5979 Crowley Street,Apple Pay,Pending,8/9/2021
904,636,408,9,8/12/2020,6489.67,09593 Knutson Drive,PayPal,Shipped,3/10/2020
905,466,786,6,12/7/2022,8509.27,38 American Ash Pass,Credit Card,Pending,3/28/2021
906,333,135,100,6/4/2021,8226.16,70773 Browning Center,Apple Pay,Shipped,7/4/2022
907,327,492,58,7/22/2021,1470.25,97 Park Meadow Pass,PayPal,Shipped,10/15/2021
908,906,684,41,6/8/2022,6946.37,781 Crownhardt Way,Credit Card,Shipped,10/20/2020
909,595,151,33,1/7/2021,7884.29,7 Graceland Point,Credit Card,Delivered,9/27/2021
910,755,755,36,8/1/2022,2105.62,20 Esch Parkway,Apple Pay,Shipped,1/24/2021
911,382,750,59,1/23/2021,7557.0,3 Maryland Lane,Credit Card,Shipped,10/10/2021
912,771,349,39,8/10/2022,8533.22,0074 Autumn Leaf Center,Apple Pay,Pending,2/21/2022
913,70,38,28,6/17/2020,8841.78,67538 Tony Pass,PayPal,Shipped,5/29/2021
914,808,231,88,4/4/2021,2271.46,165 Bayside Drive,PayPal,Shipped,2/14/2022
915,254,49,35,5/11/2020,9830.39,467 Buhler Trail,Apple Pay,Pending,6/19/2020
916,460,530,24,6/26/2021,9256.16,84 Miller Street,Apple Pay,Shipped,10/25/2021
917,354,976,19,6/3/2020,9312.0,27 Scoville Lane,Credit Card,Pending,7/10/2022
918,887,254,94,2/13/2021,7488.82,910 Westend Trail,Credit Card,Shipped,7/15/2021
919,220,834,7,2/13/2022,4529.84,930 Cody Road,Apple Pay,Pending,2/25/2022
920,205,16,39,10/12/2021,2123.81,67 Carberry Trail,PayPal,Pending,7/28/2021
921,771,257,97,2/10/2020,5995.8,87 Bluestem Crossing,PayPal,Shipped,2/14/2020
922,730,210,56,2/9/2022,1093.19,11 Farwell Avenue,Credit Card,Pending,6/29/2021
923,205,580,9,4/20/2020,9249.65,212 Ridgeview Junction,PayPal,Delivered,4/23/2022
924,223,406,94,6/8/2022,9875.55,4143 Gulseth Park,Credit Card,Pending,1/24/2022
925,201,184,14,9/10/2022,4913.91,0 Comanche Way,Apple Pay,Delivered,11/16/2020
926,710,599,66,4/23/2022,6453.75,71 Mandrake Place,Credit Card,Shipped,11/13/2022
927,225,830,36,2/13/2020,3157.52,13 Center Terrace,Credit Card,Delivered,3/5/2020
928,317,4,39,4/4/2021,3633.11,8 Lien Road,Apple Pay,Delivered,7/14/2022
929,686,498,100,4/12/2020,7240.62,90 Mesta Place,Credit Card,Pending,5/23/2022
930,912,142,3,9/8/2020,3770.44,1 Crescent Oaks Crossing,PayPal,Delivered,6/9/2022
931,659,932,19,11/22/2021,7566.33,59 Loomis Park,PayPal,Pending,5/2/2021
932,956,109,57,4/3/2022,9606.8,5858 Ridge Oak Lane,Credit Card,Delivered,3/10/2022
933,294,315,57,12/6/2022,3302.69,2986 Eagle Crest Avenue,PayPal,Delivered,4/11/2020
934,37,690,10,2/2/2021,8524.5,7079 Center Pass,Credit Card,Pending,1/18/2022
935,930,83,16,1/27/2022,9749.69,618 Manitowish Avenue,PayPal,Shipped,3/6/2020
936,572,517,37,3/12/2020,3952.85,192 Swallow Pass,Apple Pay,Delivered,3/17/2021
937,729,799,21,3/11/2020,8217.49,8 East Hill,Credit Card,Delivered,5/22/2020
938,611,819,65,10/26/2022,2230.38,29377 Carpenter Court,PayPal,Pending,4/6/2021
939,599,433,6,5/27/2021,7033.2,4 Crescent Oaks Circle,Credit Card,Delivered,5/15/2021
940,516,141,12,8/25/2022,5786.85,5 Twin Pines Plaza,Credit Card,Pending,12/16/2022
941,544,424,88,7/26/2022,3020.34,497 Jay Junction,Apple Pay,Pending,6/26/2021
942,874,994,46,9/8/2022,9221.52,37132 Florence Alley,PayPal,Shipped,11/29/2020
943,825,291,61,1/24/2020,4570.33,03816 Cordelia Parkway,Credit Card,Shipped,6/9/2021
944,95,863,64,1/9/2020,8961.36,9367 Anzinger Alley,Apple Pay,Pending,8/10/2021
945,505,884,95,11/12/2022,5453.43,7681 Amoth Avenue,Apple Pay,Pending,1/31/2020
946,220,137,20,9/7/2020,2984.78,08 Kropf Circle,Credit Card,Shipped,12/18/2021
947,442,191,12,5/18/2021,6906.46,3 Lakewood Plaza,Apple Pay,Delivered,11/7/2022
948,363,427,11,2/12/2022,261.09,50 Onsgard Crossing,PayPal,Shipped,1/28/2022
949,352,783,13,5/30/2020,3885.95,55 Fulton Park,Apple Pay,Delivered,12/14/2020
950,939,858,55,1/23/2021,7756.48,90108 Lindbergh Lane,Credit Card,Shipped,8/24/2021
951,226,456,53,5/6/2020,1513.73,11481 Haas Way,Credit Card,Pending,3/13/2021
952,789,689,93,5/18/2021,6166.19,38 5th Pass,PayPal,Pending,8/20/2022
953,101,697,36,8/21/2020,3555.38,268 Drewry Avenue,Credit Card,Shipped,4/20/2020
954,398,965,56,9/6/2020,8848.28,946 Cambridge Point,Apple Pay,Shipped,10/5/2020
955,660,42,55,5/23/2020,5699.64,543 Ramsey Street,PayPal,Pending,7/30/2022
956,732,465,23,5/15/2022,798.46,4 Orin Alley,Credit Card,Shipped,10/23/2021
957,155,745,4,10/28/2020,5386.81,8627 Eastlawn Trail,Credit Card,Delivered,10/7/2020
958,58,332,61,9/4/2022,8832.01,812 Sloan Park,PayPal,Shipped,10/21/2021
959,675,839,4,2/22/2021,1585.59,29 Talisman Center,Credit Card,Shipped,10/27/2021
960,369,597,90,10/23/2021,3900.55,8 Sauthoff Way,PayPal,Pending,6/12/2022
961,397,522,40,12/25/2021,7847.38,79 Dixon Pass,Apple Pay,Delivered,1/1/2022
962,674,252,42,6/4/2021,187.87,82 Moose Junction,Apple Pay,Shipped,3/3/2022
963,342,644,45,7/20/2020,4939.4,99 Arapahoe Court,Apple Pay,Delivered,6/12/2021
964,80,266,68,7/30/2021,9773.87,4 Browning Hill,Credit Card,Shipped,11/2/2022
965,700,869,18,4/17/2021,3926.36,64 Blackbird Terrace,PayPal,Shipped,7/24/2021
966,230,943,46,7/8/2021,5826.17,55557 Thompson Park,Credit Card,Shipped,2/5/2020
967,407,363,64,10/8/2020,8426.65,021 Veith Place,Apple Pay,Delivered,6/26/2020
968,138,477,4,3/29/2021,3736.04,1013 Boyd Place,Credit Card,Pending,3/16/2022
969,708,375,76,4/19/2022,6427.9,4545 Montana Avenue,Credit Card,Delivered,9/14/2020
970,584,563,87,5/16/2021,9803.86,3064 1st Parkway,Credit Card,Shipped,9/21/2020
971,537,467,52,1/18/2022,8408.45,8 Westerfield Junction,PayPal,Shipped,3/9/2020
972,775,411,61,3/20/2020,7147.25,79918 Kennedy Drive,PayPal,Delivered,11/1/2020
973,516,269,54,3/4/2020,9689.34,6 Lyons Road,PayPal,Pending,8/23/2021
974,54,241,21,7/21/2022,1361.28,2 Magdeline Park,Apple Pay,Pending,1/14/2021
975,784,286,90,12/14/2022,1395.03,78 Commercial Circle,Apple Pay,Shipped,12/1/2021
976,25,13,6,5/3/2022,234.47,884 Hauk Pass,PayPal,Delivered,7/22/2021
977,219,307,52,1/17/2022,6487.21,4973 Bunting Avenue,Apple Pay,Pending,4/16/2020
978,458,530,31,3/31/2020,8418.25,96045 Tony Terrace,PayPal,Pending,8/10/2022
979,716,300,95,1/11/2022,2801.96,8169 Sheridan Road,Apple Pay,Pending,2/11/2022
980,825,585,20,1/18/2021,894.87,55018 Bonner Alley,Apple Pay,Shipped,5/26/2020
981,220,785,38,7/10/2021,1027.97,7 Michigan Crossing,Credit Card,Delivered,11/28/2020
982,769,972,75,5/24/2020,9290.42,9842 Waubesa Hill,Apple Pay,Pending,5/17/2022
983,533,287,100,1/14/2020,6476.75,60269 International Park,Credit Card,Shipped,3/26/2022
984,511,698,68,5/12/2021,6078.59,522 Warner Avenue,Apple Pay,Shipped,2/1/2022
985,722,985,96,5/27/2020,6338.1,9 Shelley Court,Apple Pay,Shipped,5/14/2021
986,905,390,30,4/3/2020,1851.53,23 Mccormick Avenue,Credit Card,Shipped,6/19/2021
987,448,239,45,11/20/2021,3511.62,4 Anniversary Parkway,Credit Card,Pending,3/6/2022
988,437,399,29,5/1/2020,1628.63,9 Iowa Park,Credit Card,Delivered,9/25/2020
989,821,140,19,7/17/2021,60.49,6271 Morningstar Hill,Apple Pay,Pending,5/10/2021
990,818,946,38,6/15/2021,8044.1,17038 Green Ridge Trail,PayPal,Shipped,5/10/2021
991,949,267,57,12/24/2022,4517.98,03827 Anthes Drive,Credit Card,Pending,6/17/2021
992,76,384,76,9/3/2021,2640.72,1603 John Wall Point,Apple Pay,Shipped,7/25/2022
993,352,923,14,12/1/2020,2382.82,98 Knutson Drive,Apple Pay,Shipped,2/7/2020
994,880,234,37,3/25/2021,6103.14,3707 Portage Drive,Credit Card,Shipped,9/19/2021
995,18,691,57,12/19/2020,6330.21,159 Lakeland Junction,Apple Pay,Pending,6/22/2021
996,210,16,62,1/13/2022,1845.84,14787 Alpine Park,PayPal,Shipped,12/24/2022
997,149,93,8,1/23/2021,9441.24,03131 Crest Line Way,Credit Card,Pending,7/20/2020
998,203,664,49,2/6/2021,7097.27,88539 Bonner Drive,PayPal,Delivered,7/19/2020
999,378,970,17,2/14/2020,4202.0,31474 Eastlawn Junction,Apple Pay,Pending,9/23/2020
1000,724,614,87,2/13/2022,6913.59,34362 Moland Hill,Credit Card,Shipped,6/7/2021
